date,start,stop,duration
2019-01-01,1:11,1:15,0:04
2019-01-01,1:38,1:46,0:08
2019-01-01,10:08,10:13,0:05
2019-01-01,18:26,18:40,0:14
2019-01-01,19:22,21:13,1:51
2019-01-02,11:07,11:25,0:18
2019-01-02,3:59,4:13,0:14
2019-01-02,18:54,19:16,0:22
2019-01-03,13:43,14:16,0:33
2019-01-03,17:45,18:01,0:16
2019-01-03,22:45,23:00,0:15
2019-01-04,12:46,12:51,0:05
2019-01-04,15:22,15:30,0:08
2019-01-04,22:12,22:23,0:11
2019-01-05,1:00,3:00,2:00
2019-01-05,11:04,11:19,0:15
2019-01-05,16:46,16:56,0:10
2019-01-05,20:55,21:16,0:21
2019-01-05,18:20,18:47,0:27
2019-01-05,20:00,20:38,0:38
2019-01-07,22:19,23:56,1:37
2019-01-08,21:01,21:55,0:54
2019-01-09,9:05,9:17,0:12
2019-01-09,20:23,21:30,1:07
2019-01-10,8:46,9:21,0:35
2019-01-10,12:40,12:51,0:11
2019-01-10,16:25,16:31,0:06
2019-01-10,22:45,23:17,0:32
2019-01-11,13:43,14:00,0:17
2019-01-11,20:04,20:45,0:41
2019-01-12,1:34,2:12,0:38
2019-01-12,10:47,10:48,0:01
2019-01-12,12:32,12:55,0:23
2019-01-12,17:05,17:08,0:03
2019-01-13,0:15,0:34,0:19
2019-01-13,13:08,13:55,0:47
2019-01-13,14:24,14:38,0:14
2019-01-14,12:02,12:08,0:06
2019-01-14,14:05,14:08,0:03
2019-01-14,21:52,23:36,1:44
2018-01-15,11:06,11:09,0:03
2019-01-15,4:35,4:52,0:17
2019-01-15,7:46,8:36,0:50
2019-01-16,13:22,13:31,0:09
2019-01-16,16:07,16:15,0:08
2019-01-16,22:10,22:21,0:11
2019-01-16,22:32,23:40,1:08
2019-01-17,14:06,14:10,0:04
2019-01-17,21:00,21:38,0:38
2019-01-17,23:09,23:28,0:19
2019-01-18,10:50,10:58,0:08
2019-01-18,17:45,18:05,0:20
2019-01-19,12:06,12:16,0:10
2019-01-19,18:20,18:51,0:31
2019-01-19,20:00,20:19,0:19
2019-01-20,11:52,12:34,0:42
2019-01-21,8:16,8:33,0:17
2019-01-21,16:51,16:56,0:05
2019-01-22,1:47,2:10,0:23
2019-01-22,11:09,11:33,0:24
2019-01-22,23:17,23:30,0:13
2019-01-23,10:22,10:40,0:18
2019-01-25,12:14,13:22,1:08
2019-01-25,8:29,8:42,0:13
2019-01-26,1:19,2:10,0:51
2019-01-28,12:02,12:28,0:26
2019-01-28,6:45,7:10,0:25
2019-01-28,12:07,12:20,0:13
2019-01-28,16:11,16:26,0:15
2019-01-28,20:01,20:20,0:19
2019-01-28,11:12,11:34,0:22
2019-01-29,12:21,12:35,0:14
2019-01-29,18:43,19:35,0:52
2019-01-30,13:57,14:10,0:13
2019-01-31,0:08,0:15,0:07
2019-01-31,11:38,11:43,0:05
2019-01-31,16:08,16:21,0:13
2019-01-31,17:51,18:00,0:09
2019-01-31,20:37,21:40,1:03
2019-02-01,13:29,13:40,0:11
2019-02-01,21:42,21:45,0:03
2019-02-02,21:23,21:36,0:13
2019-02-04,8:10,8:20,0:10
2019-02-04,10:48,10:56,0:08
2019-02-04,14:50,15:00,0:10
2019-02-04,19:30,19:45,0:15
2019-02-05,11:09,11:23,0:14
2019-02-06,11:18,11:27,0:09
2019-02-06,22:45,22:55,0:10
2019-02-06,11:23,11:59,0:36
2019-02-07,23:40,23:47,0:07
2019-02-08,11:48,11:55,0:07
2019-02-09,11:36,11:57,0:21
2019-02-09,15:15,15:56,0:41
2019-02-09,18:59,19:07,0:08
2019-02-10,1:16,1:22,0:06
2019-02-10,11:53,12:06,0:13
2019-02-10,12:52,12:54,0:02
2019-02-10,23:20,23:49,0:29
2019-02-11,0:53,1:06,0:13
2019-02-11,11:35,11:45,0:10
2019-02-11,21:18,21:40,0:22
2019-02-12,13:37,13:47,0:10
2019-02-12,20:18,20:22,0:04
2019-02-14,11:33,11:36,0:03
2019-02-15,10:12,10:26,0:14
2019-02-15,14:48,14:53,0:05
2019-02-15,23:42,23:43,0:01
2019-02-16,22:00,23:35,1:35
2019-02-16,20:26,20:32,0:06
2019-02-17,15:03,15:39,0:36
2019-02-18,17:48,17:52,0:04
2019-02-19,13:21,13:38,0:17
2019-02-19,20:09,20:13,0:04
2019-02-20,0:28,0:35,0:07
2019-02-20,13:49,14:02,0:13
2019-02-21,0:50,1:10,0:20
2019-02-21,12:30,12:46,0:16
2019-02-21,5:16,5:25,0:09
2019-02-22,11:23,11:41,0:18
2019-02-23,1:15,2:10,0:55
2019-02-23,12:02,12:05,0:03
2019-02-24,1:15,2:10,0:55
2019-02-25,11:17,11:30,0:13
2019-02-25,18:30,18:31,0:01
2019-02-26,0:27,0:33,0:06
2019-02-26,11:01,11:13,0:12
2019-02-27,11:19,11:37,0:18
2019-02-28,11:51,12:02,0:11
2019-03-01,11:30,11:47,0:17
2019-03-02,0:24,2:06,1:42
2019-03-03,3:41,3:58,0:17
2019-03-04,13:00,13:10,0:10
2019-03-04,17:24,17:35,0:11
2019-03-05,11:31,11:51,0:20
2019-03-05,20:22,20:39,0:17
2019-03-05,23:40,23:55,0:15
2019-03-06,11:56,12:13,0:17
2019-03-06,17:26,17:42,0:16
2019-03-07,1:01,1:25,0:24
2019-03-07,14:22,14:44,0:22
2019-03-08,11:25,11:43,0:18
2019-03-08,18:12,18:15,0:03
2019-03-09,11:48,11:52,0:04
2019-03-09,22:06,22:18,0:12
2019-03-10,4:21,4:40,0:19
2019-03-11,11:31,11:47,0:16
2019-03-11,14:03,14:13,0:10
2019-03-12,11:33,11:50,0:17
2019-03-12,21:33,21:50,0:17
2019-03-13,11:49,12:05,0:16
2019-03-13,15:22,15:27,0:05
2019-03-14,11:15,11:31,0:16
2019-03-15,13:19,13:31,0:12
2019-03-15,16:26,16:40,0:14
2019-03-16,11:09,11:14,0:05
2019-03-16,13:43,13:46,0:03
2019-03-16,14:30,15:25,0:55
2019-03-16,15:48,16:26,0:38
2019-03-16,20:15,20:33,0:18
2019-03-17,12:07,12:10,0:03
2019-03-17,16:18,16:47,0:29
2019-03-18,1:41,1:57,0:16
2019-03-18,14:59,15:12,0:13
2019-03-18,21:40,21:47,0:07
2019-03-19,12:10,12:22,0:12
2019-03-19,15:08,15:22,0:14
2019-03-19,22:10,22:31,0:21
2019-03-20,10:48,10:53,0:05
2019-03-20,15:00,15:12,0:12
2019-03-20,18:11,18:38,0:27
2019-03-20,23:30,23:59,0:29
2019-03-21,11:27,11:32,0:05
2019-03-21,13:53,14:03,0:10
2019-03-22,11:17,11:32,0:15
2019-03-22,17:11,17:25,0:14
2019-03-23,10:09,10:20,0:11
2019-03-23,23:00,23:05,0:05
2019-03-24,1:25,2:17,0:52
2019-03-24,12:33,12:44,0:11
2019-03-25,11:28,11:49,0:21
2019-03-25,17:30,17:42,0:12
2019-03-25,18:05,18:29,0:24
2019-03-26,14:22,14:34,0:12
2019-03-26,20:03,20:59,0:56
2019-03-27,10:36,10:50,0:14
2019-03-27,10:36,10:41,0:05
2019-03-28,1:36,2:12,0:36
2019-03-28,18:53,19:19,0:26
2019-03-28,22:16,22:19,0:03
2019-03-28,22:32,23:20,0:48
2019-03-29,0:22,0:58,0:36
2019-03-29,14:42,14:50,0:08
2019-03-29,18:53,19:01,0:08
2019-03-29,21:52,23:02,1:10
2019-03-30,22:59,23:53,0:54
2019-03-31,10:44,11:16,0:32
2019-03-31,13:33,13:41,0:08
2019-03-31,21:48,22:25,0:37
2019-03-31,22:20,23:16,0:56
2019-04-01,12:13,12:40,0:27
2019-04-01,20:15,20:58,0:43
2019-04-02,15:03,15:10,0:07
2019-04-02,18:59,19:44,0:45
2019-04-02,21:20,21:27,0:07
2019-04-03,1:07,1:59,0:52
2019-04-03,15:32,15:45,0:13
2019-04-03,14:12,4:32,14:20
2019-04-03,20:26,20:31,0:05
2019-04-04,15:20,15:41,0:21
2019-04-05,11:34,11:44,0:10
2019-04-05,16:46,17:01,0:15
2019-04-06,14:39,14:42,0:03
2019-04-07,1:30,2:15,0:45
2019-04-07,11:25,11:31,0:06
2019-04-07,22:48,23:10,0:22
2019-04-08,10:38,11:24,0:46
2019-04-08,13:59,14:11,0:12
2019-04-08,19:43,19:52,0:09
2019-04-09,14:27,14:37,0:10
2019-04-09,16:51,17:14,0:23
2019-04-10,13:47,13:53,0:06
2019-04-10,15:00,15:15,0:15
2019-04-10,19:23,19:47,0:24
2019-04-11,6:53,7:17,0:24
2019-04-11,13:33,13:48,0:15
2019-04-12,11:56,12:01,0:05
2019-04-12,22:11,22:15,0:04
2019-04-13,13:14,13:18,0:04
2019-04-13,17:20,17:33,0:13
2019-04-13,22:24,22:26,0:02
2019-04-13,22:46,22:56,0:10
2019-04-14,14:47,14:56,0:09
2019-04-14,11:55,11:59,0:04
2019-04-15,11:56,12:06,0:10
2019-04-15,14:18,14:28,0:10
2019-04-15,21:24,21:37,0:13
2049-04-16,0:08,0:21,0:13
2019-04-16,16:27,16:33,0:06
2019-04-16,19:38,19:42,0:04
2019-04-17,17:46,18:00,0:14
2019-04-18,16:22,16:40,0:18
2019-04-19,10:45,10:55,0:10
2019-04-19,13:47,14:00,0:13
2019-04-20,0:17,0:47,0:30
2019-04-20,1:28,1:37,0:09
2019-04-20,16:49,17:23,0:34
2019-04-21,11:17,11:46,0:29
2019-04-21,13:59,14:16,0:17
2019-04-21,23:38,23:54,0:16
2019-04-22,13:08,13:21,0:13
2019-04-23,8:46,9:12,0:26
2019-04-23,17:12,17:22,0:10
2019-04-23,23:54,23:59,0:05
2019-04-24,11:21,11:34,0:13
2019-04-24,18:06,18:12,0:06
2019-04-25,14:00,14:02,0:02
2019-04-25,20:15,20:30,0:15
2019-04-25,23:16,23:18,0:02
2019-04-26,7:32,7:41,0:09
2019-04-26,11:50,11:58,0:08
2019-04-26,19:18,19:20,0:02
2019-04-26,23:20,23:25,0:05
2019-04-29,15:40,15:55,0:15
2019-04-29,19:17,19:19,0:02
2019-04-29,23:47,23:59,0:12
2019-04-30,0:00,0:24,0:24
2019-04-30,11:41,11:50,0:09
2019-04-30,19:30,19:50,0:20
2019-04-30,20:00,20:07,0:07
2019-05-01,0:05,0:18,0:13
2019-05-01,12:34,12:47,0:13
2019-05-01,16:40,16:54,0:14
2019-05-02,11:34,11:51,0:17
2019-05-02,15:31,15:47,0:16
2019-05-02,19:38,19:51,0:13
2019-05-03,11:07,11:22,0:15
2019-05-03,14:39,14:53,0:14
2019-05-03,21:27,21:31,0:04
2019-05-04,9:29,9:38,0:09
2019-05-04,19:31,19:37,0:06
2019-05-04,20:52,21:37,0:45
2019-05-04,11:41,11:56,0:15
2019-05-05,11:39,12:15,0:36
2019-05-06,13:09,13:20,0:11
2019-05-06,16:15,16:28,0:13
2019-05-07,11:12,11:27,0:15
2019-05-08,12:01,12:07,0:06
2019-05-09,10:29,10:39,0:10
2019-05-10,11:19,11:34,0:15
2019-05-10,16:47,16:49,0:02
2019-05-11,22:48,22:50,0:02
2019-05-12,11:45,11:47,0:02
2019-05-12,23:26,23:59,0:33
2019-05-13,0:00,0:50,0:50
2019-05-13,9:09,9:20,0:11
2019-05-13,10:41,10:54,0:13
2019-05-13,13:25,13:43,0:18
2019-05-13,23:31,23:59,0:28
2019-05-14,0:00,0:52,0:52
2019-05-14,11:39,11:49,0:10
2019-05-14,13:29,13:38,0:09
2019-05-14,15:41,15:55,0:14
2019-05-15,22:59,23:27,0:28
2019-05-15,23:37,23:59,0:22
2019-05-16,0:00,0:12,0:12
2019-05-16,10:57,11:43,0:46
2019-05-16,22:42,23:13,0:31
2019-05-17,10:19,10:39,0:20
2019-05-17,13:31,13:41,0:10
2019-05-17,14:10,15:03,0:53
2019-05-17,15:42,16:02,0:20
2019-05-18,20:09,20:17,0:08
2019-05-19,13:19,13:26,0:07
2019-05-20,11:25,11:42,0:17
2019-05-20,20:45,20:59,0:14
2019-05-22,0:33,0:52,0:19
2019-05-23,12:19,12:42,0:23
2019-05-23,23:28,23:31,0:03
2019-05-24,23:52,23:59,0:07
2019-05-25,0:00,0:28,0:28
2019-05-25,12:03,12:08,0:05
2019-05-25,15:15,15:25,0:10
2019-05-25,23:45,23:59,0:14
2019-05-26,0:00,0:33,0:33
2019-05-26,2:05,2:23,0:18
2019-05-26,12:38,12:42,0:04
2019-05-26,16:01,16:28,0:27
2019-05-26,23:31,23:59,0:28
2019-05-27,0:00,0:06,0:06
2019-05-27,0:59,1:41,0:42
2019-05-27,9:34,9:37,0:03
2019-05-27,10:02,10:12,0:10
2019-05-27,15:01,15:10,0:09
2019-05-28,0:31,0:35,0:04
2019-05-28,12:47,13:07,0:20
2019-05-29,11:14,11:20,0:06
2019-05-30,10:54,10:59,0:05
2019-06-01,0:00,0:39,0:39
2019-06-01,1:34,2:10,0:36
2019-06-01,16:44,17:25,0:41
2019-06-01,23:46,23:59,0:13
2019-06-02,0:00,0:32,0:32
2019-06-02,0:49,1:12,0:23
2019-06-03,12:02,12:12,0:10
2019-06-04,10:25,10:35,0:10
2019-06-04,17:03,17:20,0:17
2019-06-04,18:38,18:42,0:04
2019-06-04,21:37,21:48,0:11
2019-06-05,11:39,11:50,0:11
2019-06-05,23:04,23:10,0:06
2019-06-06,11:50,12:00,0:10
2019-06-06,17:12,17:32,0:20
2019-06-07,11:25,11:38,0:13
2019-06-07,20:04,20:35,0:31
2019-06-07,23:46,23:59,0:13
2019-06-08,0:00,0:04,0:04
2019-06-08,20:40,20:48,0:08
2019-06-08,22:58,23:36,0:38
2019-06-09,0:06,0:33,0:27
2019-06-09,2:28,2:58,0:30
2019-06-09,14:24,14:27,0:03
2019-06-09,15:03,15:06,0:03
2019-06-09,20:05,20:38,0:33
2019-06-09,22:46,22:53,0:07
2019-06-10,11:37,11:45,0:08
2019-06-10,16:30,16:36,0:06
2019-06-10,22:52,23:02,0:10
2019-06-11,10:53,11:02,0:09
2019-06-11,16:18,16:33,0:15
2019-06-11,19:20,19:30,0:10
2019-06-11,20:41,21:00,0:19
2029-06-11,13:52,13:58,0:06
2019-06-11,19:06,19:43,0:37
2019-06-11,21:46,22:00,0:14
2019-06-13,11:00,11:07,0:07
2019-06-13,16:04,16:08,0:04
2019-06-13,19:18,19:22,0:04
2019-06-03,20:55,21:02,0:07
2019-06-13,23:35,23:53,0:18
2019-06-14,11:24,11:34,0:10
2019-06-14,18:08,18:22,0:14
2019-06-14,20:38,20:55,0:17
2019-06-15,0:13,0:18,0:05
2019-06-15,17:53,18:24,0:31
2019-06-15,22:44,23:10,0:26
2019-06-16,16:07,17:02,0:55
2019-06-16,21:24,21:28,0:04
2019-06-17,0:06,0:58,0:52
2019-06-17,10:31,10:38,0:07
2019-06-17,13:10,13:23,0:13
2019-06-17,17:59,18:03,0:04
2019-06-17,19:06,20:00,0:54
2019-06-01,0:01,0:34,0:33
2019-06-18,21:39,22:33,0:54
2019-06-19,12:28,12:34,0:06
2019-06-19,14:20,14:29,0:09
2019-06-19,19:54,19:57,0:03
2019-06-19,21:35,21:42,0:07
2019-06-20,12:39,12:55,0:16
2019-06-20,15:20,15:41,0:21
2019-06-20,22:51,22:53,0:02
2019-06-21,12:48,13:04,0:16
2019-06-21,15:43,15:55,0:12
2019-06-21,17:11,17:42,0:31
2019-06-21,19:56,20:21,0:25
2019-06-22,1:19,1:57,0:38
2019-06-22,15:12,15:24,0:12
2019-06-23,15:10,15:20,0:10
2019-06-23,16:03,16:18,0:15
2019-06-23,20:07,20:14,0:07
2019-06-23,23:55,23:56,0:01
2019-06-24,0:00,0:05,0:05
2019-06-24,0:09,0:29,0:20
2019-06-24,10:37,10:45,0:08
2019-06-24,16:15,16:23,0:08
2019-06-24,17:12,17:28,0:16
2019-06-24,18:46,18:50,0:04
2019-06-24,20:01,20:27,0:26
2019-06-27,0:17,2:18,2:01
2019-06-29,15:01,15:36,0:35
2019-06-30,0:47,0:58,0:11
2019-06-30,1:49,3:09,1:20
2019-06-30,13:47,14:13,0:26
2019-06-30,17:10,17:12,0:02
2019-06-30,19:11,19:22,0:11
2019-07-01,9:26,9:53,0:27
2019-07-01,15:48,16:02,0:14
2019-07-01,21:20,21:22,0:02
2019-07-01,21:55,22:04,0:09
2019-07-01,23:19,23:42,0:23
2019-07-02,11:17,11:22,0:05
2019-07-02,11:35,11:42,0:07
2019-07-02,15:27,15:33,0:06
2019-07-02,16:38,16:55,0:17
2019-07-02,18:02,18:07,0:05
2019-07-02,11:03,11:30,0:27
2019-07-03,0:44,1:11,0:27
2019-07-03,1:16,1:35,0:19
2019-07-03,3:17,3:27,0:10
2019-07-03,4:22,4:45,0:23
2019-07-03,13:19,13:29,0:10
2019-07-03,15:01,16:03,1:02
2019-07-03,19:55,19:58,0:03
2019-07-04,2:33,2:34,0:01
2019-07-04,3:12,3:48,0:36
2019-07-04,17:30,17:40,0:10
2019-07-04,20:07,20:22,0:15
2019-07-04,21:06,21:08,0:02
2019-07-04,21:10,21:12,0:02
2019-07-05,13:09,13:33,0:24
2019-07-05,13:46,14:12,0:26
2019-07-05,23:41,23:59,0:18
2019-07-06,0:00,0:13,0:13
2019-07-06,15:56,23:43,7:47
2019-07-06,16:15,16:25,0:10
2019-07-06,23:38,23:59,0:21
2019-07-07,0:40,1:02,0:22
2019-07-07,2:32,3:00,0:28
2019-07-07,19:57,20:02,0:05
2019-07-07,21:15,21:24,0:09
2019-07-07,23:18,23:44,0:26
2019-07-08,1:08,1:58,0:50
2019-07-08,12:28,12:33,0:05
2019-07-08,17:43,17:50,0:07
2019-07-08,19:44,20:00,0:16
2019-07-08,23:14,23:59,0:45
2019-07-09,0:00,0:11,0:11
2019-07-09,2:34,3:01,0:27
2019-07-09,11:57,12:09,0:12
2019-07-09,16:48,16:57,0:09
2019-07-09,23:10,23:14,0:04
2019-07-10,12:38,12:55,0:17
2019-07-10,23:37,23:39,0:02
2019-07-11,2:18,2:46,0:28
2019-07-11,3:10,3:30,0:20
2019-07-11,12:23,12:39,0:16
2019-07-11,2:10,2:28,0:18
2019-07-11,18:27,18:36,0:09
2019-07-11,20:06,20:12,0:06
2019-07-12,2:33,2:41,0:08
2019-07-12,12:40,12:57,0:17
2019-07-13,0:16,0:29,0:13
2019-07-13,13:05,13:19,0:14
2019-07-13,23:53,23:59,0:06
2019-07-14,0:00,0:36,0:36
2019-07-14,2:17,2:34,0:17
2019-07-14,12:59,13:10,0:11
2019-07-15,3:42,4:17,0:35
2019-07-15,18:27,18:32,0:05
2019-07-15,20:45,21:07,0:22
2019-07-16,0:42,2:17,1:35
2019-07-16,13:08,13:18,0:10
2019-07-16,15:52,16:08,0:16
2019-07-16,23:42,23:53,0:11
2019-07-17,0:21,2:11,1:50
2019-07-17,22:32,22:34,0:02
2019-07-17,22:38,22:40,0:02
2019-07-17,23:38,23:59,0:21
2019-07-18,0:00,0:35,0:35
2019-07-18,2:00,2:12,0:12
2019-07-18,2:19,2:33,0:14
2019-07-18,18:16,18:28,0:12
2019-07-18,20:05,20:08,0:03
2019-07-18,23:46,23:59,0:13
2019-07-19,0:00,0:48,0:48
2019-07-19,18:46,18:53,0:07
2019-07-19,0:47,1:12,0:25
2019-07-22,12:26,12:34,0:08
2019-07-22,15:18,15:25,0:07
2019-07-22,23:13,23:59,0:46
2019-07-23,0:00,0:56,0:56
2019-07-23,9:38,9:40,0:02
2019-07-25,15:09,15:13,0:04
2019-07-27,9:17,9:19,0:02
2019-07-27,22:45,22:55,0:10
2019-07-28,13:55,14:01,0:06
2019-07-28,22:07,23:38,1:31
2019-07-29,9:31,9:43,0:12
2019-07-31,1:15,1:23,0:08
2019-07-31,13:09,13:17,0:08
2019-07-31,20:03,20:09,0:06
2019-07-31,20:40,20:42,0:02
2019-07-31,23:17,23:59,0:42
2019-08-01,0:00,0:23,0:23
2019-08-01,10:34,10:47,0:13
2019-08-01,14:53,15:05,0:12
2019-08-02,13:09,13:25,0:16
2019-08-02,18:49,18:53,0:04
2019-08-02,23:30,23:36,0:06
2019-08-03,0:13,1:24,1:11
2019-08-03,9:06,9:14,0:08
2019-08-03,20:02,20:07,0:05
2019-08-03,22:39,23:01,0:22
2019-08-04,18:01,18:20,0:19
2019-08-04,20:05,20:11,0:06
2019-08-04,21:19,21:24,0:05
2019-08-04,23:02,23:46,0:44
2019-08-05,12:00,12:05,0:05
2018-08-05,23:44,23:59,0:15
2019-08-06,18:14,18:28,0:14
2019-08-06,20:28,20:48,0:20
2019-08-06,21:09,21:28,0:19
2019-08-07,8:39,8:43,0:04
2019-08-07,15:16,15:28,0:12
2019-08-07,18:26,18:31,0:05
2019-08-08,8:34,8:42,0:08
2019-08-08,10:39,10:53,0:14
2019-08-08,19:54,19:57,0:03
2019-08-08,23:26,23:38,0:12
2019-08-09,0:02,0:33,0:31
2019-08-09,11:30,11:41,0:11
2019-08-10,0:07,0:22,0:15
2019-08-10,0:42,0:53,0:11
2019-08-10,10:28,10:37,0:09
2019-08-10,17:00,17:14,0:14
2019-08-10,19:38,19:42,0:04
2019-08-10,22:10,22:46,0:36
2019-08-10,23:08,23:39,0:31
2019-08-11,14:44,14:53,0:09
2019-08-11,15:56,16:15,0:19
2019-08-11,16:43,16:49,0:06
2019-08-12,7:26,7:36,0:10
2019-08-12,2:51,2:58,0:07
2019-08-12,18:54,19:02,0:08
2019-08-12,22:43,22:50,0:07
2019-08-12,23:10,23:28,0:18
2019-08-13,7:50,8:15,0:25
2019-08-13,13:44,13:51,0:07
2019-08-13,23:38,23:48,0:10
2019-08-14,11:23,11:32,0:09
2019-08-15,10:54,10:58,0:04
2019-08-15,15:11,15:23,0:12
2019-08-15,18:42,18:44,0:02
2019-08-15,22:54,23:49,0:55
2019-08-16,11:32,11:45,0:13
2019-08-16,13:07,13:19,0:12
2019-08-16,22:16,22:19,0:03
2019-08-17,0:37,1:14,0:37
2019-08-17,1:18,1:36,0:18
2019-08-17,10:46,11:59,1:13
2019-08-18,0:00,0:17,0:17
2019-08-19,14:14,14:26,0:12
2019-08-19,18:11,18:27,0:16
2019-08-20,17:22,17:29,0:07
2019-08-21,9:21,9:34,0:13
2019-08-21,10:21,10:29,0:08
2019-08-22,10:35,10:50,0:15
2019-08-23,12:03,12:17,0:14
2019-08-23,21:09,21:10,0:01
2019-08-24,0:09,0:23,0:14
2019-08-24,11:26,11:47,0:21
2019-08-24,22:05,22:14,0:09
2019-08-25,10:11,10:17,0:06
2019-08-25,15:07,15:34,0:27
2019-08-25,15:52,16:03,0:11
2019-08-25,22:29,22:41,0:12
2019-08-26,11:25,11:40,0:15
2019-08-26,16:13,16:23,0:10
2019-08-27,12:03,12:13,0:10
2019-08-27,19:36,19:39,0:03
2019-08-28,10:21,10:31,0:10
2019-08-28,12:12,12:20,0:08
2019-08-28,13:04,13:08,0:04
2019-08-28,16:58,17:16,0:18
2019-08-28,23:18,23:59,0:41
2019-08-29,0:00,0:56,0:56
2019-08-29,11:49,11:56,0:07
2019-08-29,19:41,19:44,0:03
2019-08-31,10:34,10:42,0:08
2019-08-31,17:07,17:10,0:03
2019-08-31,17:13,17:33,0:20
2019-08-31,20:37,20:48,0:11
2019-09-01,10:23,10:31,0:08
2019-09-02,11:24,11:43,0:19
2019-09-02,12:35,12:41,0:06
2019-09-02,22:48,22:52,0:04
2019-09-03,11:39,11:48,0:09
2019-09-03,14:17,14:26,0:09
2019-09-04,0:06,0:21,0:15
2019-09-04,0:29,1:00,0:31
2019-09-04,11:37,11:47,0:10
2019-09-04,21:53,22:18,0:25
2019-09-05,0:34,1:00,0:26
2019-09-05,10:18,10:22,0:04
2019-09-05,16:18,16:33,0:15
2019-09-05,18:09,18:38,0:29
2019-09-05,22:54,23:09,0:15
2019-09-06,0:31,0:56,0:25
2019-09-06,15:41,15:55,0:14
2019-09-06,16:27,16:35,0:08
2019-09-06,19:01,19:04,0:03
2019-09-06,19:40,19:56,0:16
2019-09-06,23:48,23:59,0:11
2019-09-07,0:00,0:02,0:02
2019-09-07,0:32,0:47,0:15
2019-09-07,23:07,23:24,0:17
2019-09-07,23:33,23:59,0:26
2019-09-08,0:00,0:07,0:07
2019-09-08,0:35,1:12,0:37
2019-09-08,15:02,15:22,0:20
2019-09-08,18:31,18:35,0:04
2019-09-09,11:51,12:00,0:09
2019-09-09,14:56,15:03,0:07
2019-09-10,0:17,1:06,0:49
2019-09-10,11:54,11:59,0:05
2019-09-10,17:28,18:51,1:23
2019-09-10,21:36,22:16,0:40
2019-09-11,1:16,2:33,1:17
2019-09-11,0:25,1:22,0:57
2019-09-11,15:34,15:48,0:14
2019-09-11,21:14,21:55,0:41
2019-09-12,9:00,9:21,0:21
2019-09-12,9:43,10:18,0:35
2019-09-12,11:36,11:40,0:04
2019-09-12,13:33,13:50,0:17
2019-09-12,22:11,22:34,0:23
2019-09-13,12:31,12:47,0:16
2019-09-13,19:31,19:40,0:09
2019-09-14,0:34,1:23,0:49
2019-09-14,13:35,13:50,0:15
2019-09-14,20:00,20:14,0:14
2019-09-14,23:22,23:59,0:37
2019-09-15,0:00,0:52,0:52
2019-09-15,18:30,18:58,0:28
2019-09-15,20:13,20:27,0:14
2019-09-16,11:06,11:22,0:16
2019-09-06,15:06,15:40,0:34
2019-09-16,18:52,19:00,0:08
2019-09-16,19:58,20:04,0:06
2019-09-17,12:12,12:29,0:17
2019-09-17,23:57,23:59,0:02
2019-09-18,0:00,0:22,0:22
2019-09-18,2:05,2:52,0:47
2019-08-18,11:45,11:49,0:04
2019-08-18,20:49,21:07,0:18
2019-09-19,11:24,11:37,0:13
2019-09-19,13:44,13:50,0:06
2019-09-19,21:21,21:30,0:09
2019-09-20,15:22,15:23,0:01
2019-09-20,15:37,15:47,0:10
2019-09-21,9:53,9:55,0:02
2019-09-22,0:59,1:00,0:01
2019-09-22,10:21,10:32,0:11
2019-09-22,17:30,17:40,0:10
2019-09-23,12:13,12:55,0:42
2019-09-23,11:50,11:57,0:07
2019-09-23,16:30,16:32,0:02
2019-09-23,16:44,17:12,0:28
2019-09-24,0:03,0:45,0:42
2019-09-24,12:41,12:57,0:16
2019-09-24,14:49,15:07,0:18
2019-09-24,19:54,20:02,0:08
2019-09-24,23:45,23:59,0:14
2019-09-25,0:00,0:14,0:14
2019-09-26,23:08,23:59,0:51
2019-09-27,0:00,0:02,0:02
2019-09-27,9:06,9:13,0:07
2019-09-27,10:02,10:04,0:02
2019-09-27,15:37,15:47,0:10
2019-09-28,13:46,13:53,0:07
2019-09-29,1:06,1:13,0:07
2019-09-30,7:16,7:37,0:21
2019-09-30,22:41,23:07,0:26
2019-10-01,9:06,9:15,0:09
2019-10-03,3:42,3:52,0:10
2019-10-04,7:06,8:03,0:57
2019-10-06,1:09,1:26,0:17
2019-10-07,3:15,3:42,0:27
2019-10-07,22:37,22:49,0:12
2019-10-08,1:31,2:05,0:34
2019-10-09,1:26,2:15,0:49
2019-10-11,11:35,11:41,0:06
2019-10-11,23:14,23:17,0:03
2019-10-12,0:57,3:33,2:36
2019-09-12,10:38,11:12,0:34
2019-10-12,14:54,15:05,0:11
2019-10-12,22:59,23:12,0:13
2019-10-13,0:38,1:15,0:37
2019-10-14,6:18,6:25,0:07
2019-10-14,21:30,21:38,0:08
2019-10-15,13:15,15:32,2:17
2019-10-15,20:19,20:52,0:33
2019-10-16,10:48,10:52,0:04
2019-10-16,19:41,19:47,0:06
2019-10-17,10:54,10:58,0:04
2019-10-17,13:09,13:22,0:13
2019-10-17,13:48,14:02,0:14
2019-10-17,18:23,18:25,0:02
2019-10-18,14:54,15:02,0:08
2019-10-18,23:39,23:57,0:18
2019-10-19,11:20,11:28,0:08
2019-10-19,20:33,20:43,0:10
2019-10-20,0:13,1:43,1:30
2019-10-20,15:52,15:57,0:05
2019-10-21,11:04,11:07,0:03
2019-10-22,16:51,17:01,0:10
2019-10-22,18:10,18:24,0:14
2019-10-22,19:03,19:32,0:29
2019-10-22,19:50,19:55,0:05
2019-10-23,12:48,12:55,0:07
2019-10-23,22:16,22:22,0:06
2019-10-23,23:24,23:29,0:05
2019-10-24,12:56,13:05,0:09
2019-10-24,19:38,19:42,0:04
2019-10-24,22:59,23:08,0:09
2019-10-25,11:49,11:56,0:07
2019-10-25,17:58,17:59,0:01
2019-10-25,19:00,19:22,0:22
2019-10-26,19:56,20:02,0:06
2019-10-26,23:20,23:59,0:39
2019-10-27,0:00,0:29,0:29
2019-10-27,1:30,1:45,0:15
2019-10-27,2:37,3:15,0:38
2019-10-27,15:01,15:15,0:14
2019-10-27,21:46,22:12,0:26
2019-10-28,12:31,12:38,0:07
2019-10-28,18:22,19:00,0:38
2019-10-29,12:21,12:28,0:07
2019-10-29,23:21,23:26,0:05
2019-10-30,13:06,13:12,0:06
2019-10-30,22:02,22:15,0:13
2019-10-31,10:37,10:47,0:10
2010-10-31,14:34,14:43,0:09
2019-10-31,18:15,18:26,0:11
2019-10-31,22:24,22:30,0:06
2019-11-02,13:55,13:57,0:02
2019-11-02,15:09,15:14,0:05
2019-11-02,16:00,16:04,0:04
2019-11-02,18:38,18:45,0:07
2019-11-03,1:02,1:23,0:21
2019-11-03,17:35,17:55,0:20
2019-11-04,14:19,14:24,0:05
2019-11-04,18:49,19:06,0:17
2019-11-04,21:45,21:56,0:11
2019-11-05,15:35,15:52,0:17
2019-11-05,22:00,22:09,0:09
2019-11-05,23:42,23:58,0:16
2019-11-06,10:34,10:50,0:16
2019-11-07,12:04,12:22,0:18
2019-11-07,16:43,16:50,0:07
2019-11-07,22:16,23:13,0:57
2019-11-07,23:51,23:56,0:05
2019-11-08,18:31,18:50,0:19
2019-11-08,20:29,20:32,0:03
2019-11-09,0:00,0:33,0:33
2019-11-09,18:06,18:18,0:12
2019-11-10,14:22,14:28,0:06
2019-11-10,20:38,20:54,0:16
2019-11-10,23:26,23:26,0:00
2019-11-12,10:29,10:41,0:12
2019-11-14,8:35,8:44,0:09
2019-11-14,18:24,19:02,0:38
2019-11-14,20:40,20:50,0:10
2019-11-15,10:57,11:08,0:11
2019-11-15,18:15,19:40,1:25
2019-11-15,20:10,20:28,0:18
2019-11-16,14:51,14:59,0:08
2019-11-17,0:00,0:13,0:13
2019-11-17,14:15,14:35,0:20
2019-11-17,22:11,22:29,0:18
2019-11-18,15:16,15:29,0:13
2019-11-18,23:36,23:59,0:23
2019-11-19,0:00,0:35,0:35
2019-11-19,11:14,11:31,0:17
2019-11-19,15:55,16:06,0:11
2019-11-19,23:00,23:58,0:58
2019-11-20,12:43,12:50,0:07
2019-11-20,18:43,18:48,0:05
2019-11-20,23:45,23:51,0:06
2019-11-21,11:58,12:07,0:09
2019-11-21,15:21,15:37,0:16
2019-11-21,21:54,22:01,0:07
2019-11-22,10:21,10:34,0:13
2019-11-22,16:05,16:14,0:09
2019-11-25,10:18,10:22,0:04
2019-11-25,17:21,17:26,0:05
2019-11-26,0:36,0:44,0:08
2019-11-26,11:45,11:59,0:14
2019-11-26,17:25,17:53,0:28
2019-11-27,0:58,1:21,0:23
2019-11-27,11:18,11:35,0:17
2019-11-27,0:48,1:27,0:39
2019-11-28,1:09,1:10,0:01
2019-11-28,23:12,23:55,0:43
2019-11-29,0:56,1:30,0:34
2019-11-30,2:00,2:30,0:30
2019-11-30,17:27,17:38,0:11
2019-11-30,19:29,19:36,0:07
2019-11-30,21:42,21:59,0:17
2019-12-01,21:05,22:56,1:51
2019-12-02,0:00,0:12,0:12
2019-12-02,12:09,12:14,0:05
2019-12-02,15:41,15:45,0:04
2019-12-02,16:39,16:48,0:09
2019-12-02,20:25,20:44,0:19
2019-12-02,23:07,23:10,0:03
2019-12-02,23:19,23:36,0:17
2019-12-03,11:51,11:55,0:04
2019-12-03,15:42,15:47,0:05
2019-12-03,16:04,21:21,5:17
2019-12-04,2:10,2:16,0:06
2019-12-04,12:16,12:37,0:21
2019-12-04,23:55,23:59,0:04
2019-12-05,14:05,14:39,0:34
2019-12-05,23:12,23:41,0:29
2019-12-05,23:44,23:58,0:14
2019-12-06,12:44,12:56,0:12
2019-12-06,15:01,15:30,0:29
2019-12-06,23:51,23:54,0:03
2019-12-07,0:09,0:29,0:20
2019-12-07,17:24,17:33,0:09
2019-12-08,2:50,3:01,0:11
2019-12-09,7:29,7:42,0:13
2019-12-09,10:31,10:34,0:03
2019-12-09,16:33,16:44,0:11
2019-12-09,18:36,18:39,0:03
2019-12-09,19:46,19:51,0:05
2019-12-09,22:28,22:53,0:25
2019-12-10,13:34,13:41,0:07
2019-12-10,20:20,20:25,0:05
2019-12-10,20:12,20:26,0:14
2019-12-11,7:33,7:55,0:22
2019-12-11,12:31,12:38,0:07
2019-12-11,15:37,15:46,0:09
2019-12-12,12:09,12:14,0:05
2019-12-12,13:48,13:54,0:06
2019-12-13,0:14,0:22,0:08
2019-12-13,11:56,12:07,0:11
2019-12-13,16:49,16:55,0:06
2019-12-13,20:09,20:12,0:03
2019-12-14,1:04,1:07,0:03
2019-12-14,1:29,2:45,1:16
2019-12-14,13:55,14:01,0:06
2019-12-14,22:56,23:00,0:04
2019-12-15,0:31,1:09,0:38
2019-12-15,1:14,1:24,0:10
2019-12-15,11:08,11:12,0:04
2019-12-15,13:37,13:42,0:05
2019-12-16,11:15,11:32,0:17
2019-12-17,0:10,0:15,0:05
2019-12-17,13:04,13:10,0:06
2019-12-17,14:42,14:55,0:13
2019-12-17,16:51,17:10,0:19
2019-12-18,6:44,6:50,0:06
2019-12-18,7:37,7:42,0:05
2019-12-19,14:39,14:52,0:13
2019-12-20,1:40,2:02,0:22
2019-12-20,17:06,17:39,0:33
2019-12-20,19:10,19:22,0:12
2019-12-21,0:22,0:42,0:20
2019-12-21,2:04,2:37,0:33
2019-12-21,23:47,23:59,0:12
2019-12-22,2:00,2:21,0:21
2019-12-22,15:15,20:07,4:52
2019-12-22,23:45,23:59,0:14
2019-12-23,0:00,0:10,0:10
2019-12-23,14:11,14:17,0:06
2019-12-23,23:54,23:59,0:05
2019-12-24,0:00,0:02,0:02
2019-12-25,0:16,12:22,12:06
2019-12-25,10:25,10:34,0:09
2019-12-25,15:13,15:22,0:09
2019-12-25,15:43,15:53,0:10
2019-12-26,0:54,1:11,0:17
2019-12-26,1:56,2:36,0:40
2019-12-26,19:28,19:35,0:07
2019-12-27,0:23,1:05,0:42
2019-12-27,13:01,13:09,0:08
2019-12-27,20:18,20:19,0:01
2019-12-28,0:58,1:28,0:30
2019-12-28,19:14,19:16,0:02
2019-12-28,22:31,23:50,1:19
2019-12-29,6:00,6:45,0:45
2019-12-29,13:21,13:33,0:12
2019-12-29,19:36,19:40,0:04
2019-12-29,23:31,23:59,0:28
2019-12-30,0:00,0:14,0:14
2019-12-30,10:17,10:25,0:08
2019-12-30,23:17,23:38,0:21
2019-12-31,23:29,23:50,0:21
