date,start,stop,duration,,
2021-06-24,12:19,12:36,0:17:00,,
2021-06-29,11:00,11:30,0:30:00,,
2021-07-02,11:50,12:35,0:45:00,,
2021-07-03,20:23,21:02,0:39:00,,
2021-07-08,10:45,11:27,0:42:00,,
2021-07-31,15:15,15:18,0:03:00,,
2021-08-01,2:11,2:17,0:06:00,,
2021-08-02,16:11,16:54,0:43:00,,
2021-08-02,12:15,12:45,0:30:00,,
2021-08-04,15:02,15:18,0:16:00,,
2021-08-04,16:32,16:58,0:26:00,,
2021-08-04,17:54,18:09,0:15:00,,
2021-08-05,19:04,19:20,0:16:00,,
2021-08-06,12:21,12:30,0:09:00,,
2021-08-06,13:54,13:58,0:04:00,,
2021-08-08,13:48,13:56,0:08:00,,
2021-08-09,0:09,0:25,0:16:00,,
2021-08-10,13:45,13:59,0:14:00,,
2021-08-16,0:28,1:02,0:34:00,,
2021-08-16,12:12,12:23,0:11:00,,
2021-08-18,12:38,12:41,0:03:00,,
2021-08-19,1:14,1:45,0:31:00,,
2021-08-19,17:18,17:48,0:30:00,,
2021-08-19,20:02,20:13,0:11:00,,
2021-08-20,11:49,11:53,0:04:00,,
2021-08-23,16:05,16:09,0:04:00,,
2021-08-24,16:16,16:22,0:06:00,,
2021-08-26,0:49,1:12,0:23:00,,
2021-08-28,22:47,23:05,0:18:00,,
2021-08-31,13:04,14:07,1:03:00,,
2021-08-31,18:48,18:57,0:09:00,,
2021-09-03,11:07,11:18,0:11:00,,
2021-09-07,11:39,12:15,0:36:00,,
2021-09-07,16:00,16:19,0:19:00,,
2021-09-13,0:14,0:35,0:21:00,,
2021-09-14,13:40,14:03,0:23:00,,
2021-09-16,17:31,17:41,0:10:00,,
2021-09-18,1:35,1:48,0:13:00,,
2021-09-18,23:36,23:47,0:11:00,,
2021-09-20,0:04,0:05,0:01:00,,
2021-09-21,10:43,11:13,0:30:00,,
2021-09-22,11:08,12:28,1:20:00,,
2021-09-25,17:00,17:11,0:11:00,,
2021-09-26,22:05,22:06,0:01:00,,
2021-09-28,13:26,13:53,0:27:00,,
2021-10-02,0:02,0:22,0:20:00,,
2021-10-04,9:49,9:58,0:09:00,,
2021-10-08,16:51,17:02,0:11:00,,
2021-10-10,14:58,15:09,0:11:00,,
2021-10-10,20:51,21:04,0:13:00,,
2021-10-11,10:08,10:34,0:26:00,,
2021-10-11,13:49,13:59,0:10:00,,
2021-10-15,11:47,11:57,0:10:00,,
2021-10-20,11:26,11:48,0:22:00,,
2021-10-25,23:17,23:39,0:22:00,,
2021-10-27,11:46,12:36,0:50:00,,
2021-10-30,0:55,0:57,0:02:00,,
2021-10-30,2:03,3:02,0:59:00,,
2021-11-01,13:34,13:47,0:13:00,,
2021-11-01,16:07,16:17,0:10:00,,
2021-11-02,15:28,15:36,0:08:00,,
2021-11-04,18:29,18:33,0:04:00,,
2021-11-09,12:42,12:45,0:03:00,,
2021-11-15,0:05,0:28,0:23:00,,
2021-11-17,11:30,11:47,0:17:00,,
2021-11-22,14:00,14:03,0:03:00,,
2021-11-22,15:14,15:24,0:10:00,,
2021-11-23,12:42,13:04,0:22:00,,
2021-12-03,13:47,13:52,0:05:00,,
2021-12-03,13:54,14:04,0:10:00,,
2021-12-05,0:19,0:26,0:07:00,,
2021-12-06,19:37,19:44,0:07:00,,
2021-12-09,14:53,14:57,0:04:00,,
2021-12-10,0:33,1:21,0:48:00,,
2021-12-11,1:34,1:44,0:10:00,,
2021-12-13,10:06,10:38,0:32:00,,
2021-12-16,12:30,12:44,0:14:00,,
2021-12-20,0:09,0:33,0:24:00,,
2021-12-20,23:40,23:59,0:19:00,,
2021-12-21,0:00,0:38,0:38:00,,
2021-12-23,13:14,13:23,0:09:00,,
2021-12-25,19:50,20:01,0:11:00,,
2021-12-25,20:48,20:49,0:01:00,,
2021-12-28,11:50,12:06,0:16:00,,
2021-12-29,12:40,12:52,0:12:00,,
2021-12-30,16:16,17:28,1:12:00,,
2022-01-02,1:36,1:53,0:17:00,,
2022-01-02,15:08,15:09,0:01:00,,
2022-01-03,0:39,0:47,0:08:00,,
2022-01-03,12:30,12:48,0:18:00,,
2022-01-05,10:17,10:23,0:06:00,,
2022-01-07,11:37,11:44,0:07:00,,
2022-01-09,21:58,22:07,0:09:00,,
2022-01-10,13:00,13:19,0:19:00,,
2022-01-21,10:47,11:09,0:22:00,,
2022-01-23,14:01,14:26,0:25:00,,
2022-01-23,14:32,14:41,0:09:00,,
2022-01-26,0:06,0:23,0:17:00,,
2022-01-26,11:35,11:56,0:21:00,,
2022-01-28,11:13,11:44,0:31:00,,
2022-01-29,14:56,15:28,0:32:00,,
2022-01-31,10:08,10:22,0:14:00,,
2022-01-31,17:00,17:04,0:04:00,,
2022-02-01,10:02,10:25,0:23:00,,
2022-02-01,11:36,11:42,0:06:00,,
2022-02-03,10:30,10:43,0:13:00,,
2022-02-07,11:30,11:47,0:17:00,,
2022-02-07,13:50,14:01,0:11:00,,
2022-02-07,14:39,14:46,0:07:00,,
2022-02-08,12:28,13:00,0:32:00,,
2022-02-14,11:13,11:21,0:08:00,,
2022-02-18,12:25,12:42,0:17:00,,
2022-02-23,11:23,13:02,1:39:00,,
2022-02-24,10:29,10:46,0:17:00,,
2022-02-25,10:48,11:07,0:19:00,,
2022-03-01,11:13,11:32,0:19:00,,
2022-03-03,11:30,12:19,0:49:00,,
2022-03-04,15:09,15:24,0:15:00,,
2022-03-07,10:00,10:06,0:06:00,,
2022-03-07,14:55,14:59,0:04:00,,
2022-03-08,11:23,11:35,0:12:00,,
2022-03-10,11:27,12:04,0:37:00,,
2022-03-10,15:31,16:12,0:41:00,,
2022-03-11,15:42,15:53,0:11:00,,
2022-03-12,12:50,13:13,0:23:00,,
2022-03-15,13:10,13:21,0:11:00,,
2022-03-16,11:12,11:19,0:07:00,,
2022-03-20,2:27,2:34,0:07:00,,
2022-03-21,12:14,12:29,0:15:00,,
2022-03-21,14:42,14:43,0:01:00,,
2022-03-22,11:22,11:48,0:26:00,,
2022-03-23,12:35,13:13,0:38:00,,
2022-03-24,13:05,13:28,0:23:00,,
2022-03-26,16:09,16:17,0:08:00,,
2022-03-29,15:39,16:08,0:29:00,,
2022-04-01,15:36,15:47,0:11:00,,
2022-04-08,12:08,12:30,0:22:00,,
2022-04-09,14:52,15:43,0:51:00,,
2022-04-10,2:30,3:14,0:44:00,,
2022-04-11,10:21,10:36,0:15:00,,
2022-04-11,13:23,13:40,0:17:00,,
2022-04-12,14:27,14:36,0:09:00,tiktok,
2022-04-12,15:15,15:45,0:30:00,tiktok,
2022-04-12,23:12,23:18,0:06:00,tiktok,
2022-04-12,23:43,23:59,0:16:00,,
2022-04-14,1:13,1:18,0:05:00,,
2022-04-14,14:15,14:32,0:17:00,,
2022-04-14,16:53,16:58,0:05:00,,
2022-04-18,12:41,12:47,0:06:00,,
2022-04-19,13:46,14:54,1:08:00,,
2022-04-20,14:07,15:16,1:09:00,,
2022-04-21,12:29,12:53,0:24:00,,
2022-04-22,13:38,13:48,0:10:00,,
2022-04-25,23:03,23:14,0:11:00,,
2022-04-26,0:19,0:30,0:11:00,,
2022-04-26,10:39,11:30,0:51:00,,
2022-04-27,13:03,13:10,0:07:00,,
2022-04-29,13:47,13:51,0:04:00,,
2022-04-29,21:59,22:16,0:17:00,tiktok,
2022-05-01,13:54,14:53,0:59:00,,
2022-05-02,11:57,11:59,0:02:00,,
2022-05-02,12:23,12:30,0:07:00,,
2022-05-03,15:37,16:00,0:23:00,,
2022-05-03,17:24,17:27,0:03:00,,
2022-05-03,17:52,18:15,0:23:00,,
2022-05-04,16:29,16:31,0:02:00,,
2022-05-06,0:00,0:34,0:34:00,,
2022-05-06,15:59,16:10,0:11:00,,
2022-05-09,0:00,0:37,0:37:00,,
2022-05-09,22:10,22:18,0:08:00,,
2022-05-09,22:43,23:17,0:34:00,,
2022-05-10,10:45,11:38,0:53:00,,
2022-05-14,1:22,1:25,0:03:00,,
2022-05-14,15:46,15:51,0:05:00,,
2022-05-15,23:44,23:59,0:15:00,,
2022-05-16,0:00,0:32,0:32:00,,
2022-05-16,23:26,23:59,0:33:00,,
2022-05-17,0:00,0:33,0:33:00,,
2022-05-18,15:41,15:47,0:06:00,,
2022-05-23,10:24,10:35,0:11:00,,
2022-05-24,1:25,1:36,0:11:00,,
2022-05-25,13:13,13:17,0:04:00,,
2022-05-25,11:10,11:28,0:18:00,,
2022-05-25,14:14,14:39,0:25:00,,
2022-05-25,22:39,22:52,0:13:00,,
2022-05-26,9:57,10:07,0:10:00,,
2022-05-29,2:22,2:33,0:11:00,,
2022-05-29,22:42,23:47,1:05:00,,
2022-06-01,0:31,1:01,0:30:00,,
2022-06-01,11:40,11:50,0:10:00,,
2022-06-03,15:11,15:23,0:12:00,,
2022-06-04,0:25,1:21,0:56:00,,
2022-06-05,0:37,1:19,0:42:00,,
2022-06-09,7:17,8:18,1:01:00,tiktok,
2022-06-09,21:53,22:27,0:34:00,tiktok,
2022-06-11,0:25,0:26,0:01:00,,
2022-06-13,12:11,12:23,0:12:00,,
2022-06-14,11:33,11:44,0:11:00,,
2022-06-14,12:31,13:25,0:54:00,tiktok,
2022-06-14,14:19,14:42,0:23:00,tiktok,
2022-06-15,1:02,1:52,0:50:00,tiktok,
2022-06-15,12:18,12:33,0:15:00,,
2022-06-15,23:10,23:59,0:49:00,tiktok,
2022-06-16,0:00,0:30,0:30:00,tiktok,
2022-06-17,1:43,1:57,0:14:00,,
2022-06-17,11:09,11:58,0:49:00,tiktok,
2022-06-17,18:10,18:13,0:03:00,,
2022-06-18,2:25,2:34,0:09:00,,
2022-06-21,16:28,17:33,1:05:00,tiktok,
2022-06-22,10:00,10:15,0:15:00,tiktok,
2022-06-22,2:12,2:22,0:10:00,tiktok,
2022-06-24,16:38,17:00,0:22:00,tiktok,
2022-06-25,16:44,17:19,0:35:00,tiktok,
2022-06-25,23:10,23:59,0:49:00,tiktok,
2022-06-26,0:00,0:11,0:11:00,tiktok,
2022-06-27,1:13,1:36,0:23:00,,
2022-06-27,16:06,16:26,0:20:00,,
2022-06-28,1:36,2:38,1:02:00,tiktok,
2022-06-28,11:46,12:22,0:36:00,tiktok,
2022-06-28,13:26,13:27,0:01:00,tiktok,
2022-06-29,2:18,2:34,0:16:00,,
2022-06-29,23:03,23:12,0:09:00,,
2022-06-30,12:01,12:12,0:11:00,,
2022-07-01,2:06,2:19,0:13:00,,
2022-07-01,23:19,23:57,0:38:00,,
2022-07-02,23:00,23:43,0:43:00,tiktok,
2022-07-02,23:43,23:53,0:10:00,,
2022-07-03,23:02,23:23,0:21:00,,
2022-07-04,14:23,14:26,0:03:00,,
2022-07-04,12:49,13:13,0:24:00,,
2022-07-06,0:21,0:52,0:31:00,,
2022-07-06,17:41,17:46,0:05:00,,
2022-07-07,20:13,20:40,0:27:00,,
2022-07-08,16:04,16:41,0:37:00,,
2022-07-08,17:16,17:44,0:28:00,,
2022-07-09,18:15,20:29,2:14:00,,
2022-07-10,2:16,2:36,0:20:00,,
2022-07-18,11:21,11:33,0:12:00,,
2022-07-19,11:03,11:18,0:15:00,,
2022-07-19,23:08,23:47,0:39:00,,
2022-07-27,14:54,15:01,0:07:00,,
2022-07-28,0:15,0:38,0:23:00,,
2022-07-28,16:54,16:57,0:03:00,,
2022-07-29,1:20,1:42,0:22:00,,
2022-07-29,22:42,23:17,0:35:00,,
2022-07-30,15:23,15:30,0:07:00,,
2022-07-31,18:07,18:23,0:16:00,,
2022-08-01,22:19,22:27,0:08:00,,
2022-08-02,1:31,1:51,0:20:00,,
2022-08-04,12:09,13:03,0:54:00,,
2022-08-05,15:24,15:33,0:09:00,,
2022-08-09,1:03,1:17,0:14:00,,
2022-08-09,15:32,15:42,0:10:00,,
2022-08-11,12:21,12:31,0:10:00,,
2022-08-13,16:49,17:07,0:18:00,,
2022-08-14,23:52,23:59,0:07:00,,
2022-08-15,14:54,15:14,0:20:00,,
2022-08-16,14:06,14:56,0:50:00,,
2022-08-17,18:12,18:15,0:03:00,,
2022-08-18,12:37,13:00,0:23:00,,
2022-08-18,13:34,13:55,0:21:00,,
2022-08-19,21:14,22:17,1:03:00,,
2022-08-20,23:10,23:40,0:30:00,,
2022-08-23,13:15,13:34,0:19:00,,
2022-08-24,13:04,13:16,0:12:00,,
2022-08-25,12:13,12:26,0:13:00,,
2022-08-25,13:02,14:06,1:04:00,tiktok,
2022-08-25,14:31,14:42,0:11:00,tiktok,
2022-08-25,14:47,15:00,0:13:00,tiktok,
2022-08-25,15:33,15:38,0:05:00,tiktok,
2022-08-25,16:20,16:40,0:20:00,tiktok,
2022-08-25,18:06,18:40,0:34:00,tiktok,
2022-08-26,13:34,13:52,0:18:00,tiktok,
2022-08-26,23:39,23:44,0:05:00,tiktok,
2022-08-27,6:02,7:03,1:01:00,tiktok,
2022-08-27,12:41,13:35,0:54:00,tiktok,
2022-08-27,14:32,14:54,0:22:00,tiktok,
2022-08-28,16:15,17:21,1:06:00,tiktok,
2022-08-29,10:22,10:45,0:23:00,tiktok,
2022-08-29,11:20,12:22,1:02:00,tiktok,
2022-08-29,15:42,15:53,0:11:00,tiktok,
2022-08-30,8:50,9:06,0:16:00,,
2022-08-30,13:54,14:15,0:21:00,,
2022-08-31,11:35,12:17,0:42:00,,
2022-08-31,12:38,12:48,0:10:00,,
2022-08-31,14:56,14:58,0:02:00,,
2022-09-01,12:01,12:43,0:42:00,,
2022-09-01,15:27,15:55,0:28:00,,
2022-09-03,12:47,13:11,0:24:00,,
2022-09-03,13:35,13:40,0:05:00,,
2022-09-06,11:22,12:03,0:41:00,,
2022-09-07,13:22,14:14,0:52:00,tiktok,
2022-09-07,16:02,16:12,0:10:00,,
2022-09-08,15:23,15:28,0:05:00,,
2022-09-09,14:01,14:22,0:21:00,,
2022-09-11,1:37,1:50,0:13:00,tiktok,
2022-09-12,22:42,23:30,0:48:00,,
2022-09-17,2:45,3:12,0:27:00,,
2022-09-18,3:44,4:01,0:17:00,,
2022-09-19,14:59,15:17,0:18:00,,
2022-09-20,12:31,13:34,1:03:00,,
2022-09-24,1:52,2:45,0:53:00,,
2022-09-25,2:23,7:33,5:10:00,,
2022-09-25,14:27,15:10,0:43:00,,
2022-09-25,19:29,20:56,1:27:00,,
2022-09-26,19:38,20:25,0:47:00,,
2022-09-27,16:11,17:39,1:28:00,,
2022-10-05,12:40,12:55,0:15:00,,
2022-10-06,16:27,16:33,0:06:00,,
2022-10-08,17:12,17:29,0:17:00,,
2022-10-09,23:53,23:59,0:06:00,,
2022-10-10,0:00,0:10,0:10:00,,
2022-10-10,22:01,22:46:00,0:45:00,,
2022-10-11,0:40,0:49,0:09:00,,
2022-10-11,14:00,14:28,0:28:00,,
2022-10-13,0:00,2:34,2:34:00,,
2022-10-13,23:37,23:50,0:13:00,,
2022-10-13,23:56,23:58,0:02:00,,
2022-10-14,1:03,1:18,0:15:00,,
2022-10-15,15:40,16:38,0:58:00,,
2022-10-17,0:09,0:20,0:11:00,,
2022-10-18,0:14,0:17,0:03:00,,
2022-10-18,0:44,0:47,0:03:00,,
2022-10-18,13:22,13:39,0:17:00,,
2022-10-19,21:45,22:48,1:03:00,,
2022-10-21,0:00,0:03,0:03:00,,
2022-10-21,1:00,1:53,0:53:00,,
2022-10-21,14:19,15:07,0:48:00,,
2022-10-22,14:51,15:01,0:10:00,,
2022-10-22,22:28,23:34,1:06:00,,
2022-10-23,20:36,21:24,0:48:00,,
2022-10-23,21:24,23:13,1:49:00,youtube,
2022-10-24,16:44,16:57,0:13:00,,
2022-10-24,21:46,21:53,0:07:00,youtube,
2022-10-25,12:38,12:45,0:07:00,,
2022-10-25,22:25,22:34,0:09:00,,
2022-10-25,23:23,23:43,0:20:00,youtube,
2022-10-26,17:44,17:51,0:07:00,youtube,
2022-10-26,18:56,19:00,0:04:00,,
2022-10-26,23:37,23:48,0:11:00,youtube,
2022-10-26,23:48,23:59,0:11:00,,
2022-10-26,0:00,0:10,0:10:00,,
2022-10-28,0:12,0:37,0:25:00,youtube,
2022-10-28,15:17,15:21,0:04:00,,
2022-10-28,22:00,22:06,0:06:00,youtube,
2022-10-28,22:26,23:36,1:10:00,youtube,
2022-10-30,15:30,15:58,0:28:00,,
2022-10-30,21:16,21:45,0:29:00,youtube,
2022-10-30,21:45,21:54,0:09:00,,
2022-10-30,22:06,22:45,0:39:00,,
2022-10-31,17:54,18:01,0:07:00,,
2022-11-01,10:35,10:45,0:10:00,youtube,
2022-11-05,23:22,23:52,0:30:00,youtube,
2022-11-07,23:15,23:41,0:26:00,youtube,
2022-11-11,4:46,4:56,0:10:00,youtube,
2022-11-11,5:19,6:03,0:44:00,youtube,
2022-11-13,16:40,17:20,0:40:00,tiktok,
2022-11-13,22:47,23:50,1:03:00,tiktok,
2022-11-16,1:31,1:58,0:27:00,youtube,
2022-11-27,10:48,11:30,0:42:00,reddit,
2022-12-01,19:49,20:26,0:37:00,,
2022-12-01,20:40,20:51,0:11:00,,
2022-12-04,23:17,23:59,0:42:00,tiktok,
2022-12-05,0:00,1:05,1:05:00,tiktok,
2022-12-05,16:37,16:41,0:04:00,,
2022-12-06,1:09,1:48,0:39:00,,
2022-12-06,15:39,15:52,0:13:00,,
2022-12-06,22:30,23:05,0:35:00,,
2022-12-06,23:17,23:58,0:41:00,youtube,
2022-12-07,1:39,2:13,0:34:00,youtube,
2022-12-07,11:50,12:07,0:17:00,tiktok,
2022-12-07,12:41,12:42,0:01:00,tiktok,
2022-12-07,13:54,14:30,0:36:00,tiktok,
2022-12-08,1:29,1:50,0:21:00,,
2022-12-08,13:27,14:23,0:56:00,,
2022-12-08,14:36,14:47,0:11:00,youtube,
2022-12-09,2:51,3:48,0:57:00,youtube ,
2022-12-09,11:49,12:14,0:25:00,,
2022-12-09,14:55,15:00,0:05:00,,
2022-12-09,15:08,15:20,0:12:00,youtube,
2022-12-10,5:00,5:14,0:14:00,youtube,
2022-12-10,21:27,22:05,0:38:00,,
2022-12-10,22:17,22:45,0:28:00,,
2022-12-12,0:06,2:02,1:56:00,youtube,
2022-12-12,12:28,13:39,1:11:00,,
2022-12-12,22:38,22:45,0:07:00,,
2022-12-13,1:43,3:12,1:29:00,youtube,
2022-12-13,11:30,11:48,0:18:00,,
2022-12-13,13:55,14:23,0:28:00,,
2022-12-15,1:04,1:29,0:25:00,,
2022-12-16,0:13,1:45,1:32:00,yt,
2022-12-16,22:05,22:32,0:27:00,yt,
2022-12-17,18:17,18:31,0:14:00,yt,
2022-12-17,22:35,23:59,1:24:00,yt,
2022-12-18,0:00,2:37,2:37:00,yt,
2022-12-23,16:55,17:16,0:21:00,,
2022-12-23,17:27,17:33,0:06:00,,
2022-12-25,22:42,23:40,0:58:00,yt,
2022-12-27,0:55,1:58,1:03:00,yt,
2022-12-29,1:31,2:51,1:20:00,yt,
2022-12-29,11:50,12:35,0:45:00,,
2022-12-30,6:22,7:56,1:34:00,yt,
2022-12-30,18:49,19:19,0:30:00,,
2022-12-31,0:10,0:46,0:36:00,,
2022-12-31,0:50,1:42,0:52:00,yt,
2023-01-01,1:01,1:30,0:29:00,,
2023-01-03,12:30,12:45,0:15:00,,
2023-01-03,13:21,13:30,0:09:00,,
2023-01-03,14:24,14:43,0:19:00,,
2023-01-03,22:30,22:39,0:09:00,,
2023-01-04,1:01,1:24,0:23:00,yt,
2023-01-05,2:15,2:32,0:17:00,yt,
2023-01-05,13:21,13:35,0:14:00,,
2023-01-05,14:02,14:15,0:13:00,,
2023-01-05,15:26,16:15,0:49:00,,
2023-01-06,1:09,1:48,0:39:00,yt,
2023-01-06,19:28,20:45,1:17:00,yt,
2023-01-06,22:53,23:59,1:06:00,yt,
2023-01-07,0:00,1:52,1:52:00,yt,
2023-01-07,12:13,12:22,0:09:00,yt,
2023-01-07,14:28,14:56,0:28:00,yt,
2023-01-07,19:38,20:22,0:44:00,yt,
2023-01-08,0:37,0:51,0:14:00,yt,
2023-01-08,1:39,1:50,0:11:00,yt,
2023-01-08,22:00,23:19,1:19:00,,
2023-01-09,15:20,15:42,0:22:00,,
2023-01-09,16:13,16:21,0:08:00,,
2023-01-09,16:41,17:00,0:19:00,,
2023-01-10,0:53,1:31,0:38:00,,
2023-01-11,0:16,0:52,0:36:00,yt,
2023-01-12,10:17,11:14,0:57:00,tiktok,sick
2023-01-12,14:08,14:22,0:14:00,tiktok,
2023-01-12,15:42,15:52,0:10:00,,
2023-01-12,21:49,22:52,1:03:00,,
2023-01-12,23:06,23:59,0:53:00,,
2023-01-13,0:00,0:23,0:23:00,tiktok,
2023-01-13,10:17,10:28,0:11:00,,
2023-01-13,12:07,12:11,0:04:00,,
2023-01-14,21:34,22:14,0:40:00,,
2023-01-16,1:48,2:02,0:14:00,,
2023-01-17,2:14,3:45,1:31:00,yt,
2023-01-17,14:16,14:24,0:08:00,yt,
2023-01-17,16:13,16:31,0:18:00,,
2023-01-17,23:15,23:54,0:39:00,,
2023-01-22,17:54,18:10,0:16:00,yt,
2023-01-22,20:20,20:49,0:29:00,,
2023-01-22,23:23,23:59,0:36:00,,
2023-01-23,0:00,0:07,0:07:00,,
2023-01-23,0:13,1:03,0:50:00,yt,
2023-01-23,2:51,3:24,0:33:00,yt,
2023-01-24,1:03,2:45,1:42:00,tiktok,
2023-01-24,14:43,15:06,0:23:00,tiktok.,
2023-01-24,15:20,15:47,0:27:00,tiktok,
2023-01-25,9:32,9:35,0:03:00,tiktok,
2023-01-25,11:01,11:24,0:23:00,tiktok,
2023-01-25,15:29,15:36,0:07:00,tiktok,
2023-01-25,16:00,16:32,0:32:00,tiktok,
2023-01-25,22:09,22:16,0:07:00,tiktok,
2023-01-25,23:45,23:59,0:14:00,tiktok,
2023-01-26,0:00,0:48,0:48:00,tiktok,
2023-01-26,13:36,14:13,0:37:00,,
2023-01-26,22:06,23:08,1:02:00,tiktok,
2023-01-27,12:19,13:40,1:21:00,tiktok,
2023-01-27,14:50,15:12,0:22:00,,
2023-01-27,21:42,22:02,0:20:00,tiktok,
2023-01-27,22:26,23:59,1:33:00,tiktok,
2023-01-28,0:00,0:44,0:44:00,tiktok,
2023-01-28,18:29,19:04,0:35:00,tiktok,
2023-01-28,19:37,20:22,0:45:00,tiktok,
2023-01-28,21:48,22:00,0:12:00,tiktok,
2023-01-28,22:45,23:45,1:00:00,tiktok,
2023-01-29,0:00,0:11,0:11:00,tiktok,
2023-01-30,21:45,22:19,0:34:00,youtube,
2023-01-31,13:14,15:00,1:46:00,tiktok,
2023-01-31,15:36,15:58,0:22:00,tiktok,
2023-01-31,17:33,17:44,0:11:00,tiktok,
2023-01-31,22:00,23:15,1:15:00,youtube,
2023-02-01,13:53,14:04,0:11:00,,
2023-02-01,15:30,15:36,0:06:00,,
2023-02-02,15:41,16:01,0:20:00,,
2023-02-02,17:05,17:13,0:08:00,,
2023-02-03,14:49,15:05,0:16:00,,
2023-02-06,10:54,12:14,1:20:00,,
2023-02-07,14:29,14:45,0:16:00,,
2023-02-07,23:33,23:59,0:26:00,youtube,
2023-02-09,15:26,15:34,0:08:00,,
2023-02-10,5:15,6:30,1:15:00,YouTube,
2023-02-11,1:08,1:51,0:43:00,,
2023-02-12,3:02,3:58,0:56:00,Youtube,
2023-02-12,21:46,22:19,0:33:00,,
2023-02-13,2:01,2:16,0:15:00,,
2023-02-14,6:36,6:39,0:03:00,youtube,
2023-02-15,2:14,3:08,0:54:00,YouTube ,
2023-02-15,11:03,12:08,1:05:00,,
2023-02-15,23:45,23:59,0:14:00,youtube,
2023-02-16,0:00,1:57,1:57:00,youtube,
2023-02-16,11:14,11:47,0:33:00,,
2023-02-19,2:01,2:14,0:13:00,,
2023-02-19,20:47,21:16,0:29:00,youtube,
2023-02-20,2:29,2:40,0:11:00,yt,
2023-02-20,20:35,21:01,0:26:00,yt,
2023-02-20,23:37,23:59,0:22:00,,
2023-02-21,0:00,0:51,0:51:00,,
2023-02-21,18:44,18:47,0:03:00,,
2023-02-21,22:16,22:48,0:32:00,,
2023-02-22,13:48,14:46,0:58:00,,
2023-02-22,15:18,16:07,0:49:00,tiktok,
2023-02-22,21:54,22:06,0:12:00,tiktok,
2023-02-22,22:54,23:46,0:52:00,tiktok,
2023-02-23,sick day,,,,
2023-02-24,sick day,,,,
2023-02-25,sick day,,,,
2023-02-26,sick day,,,,
2023-02-27,2:54,3:26,0:32:00,,
2023-02-27,14:38,14:49,0:11:00,,
2023-02-27,16:34,16:49,0:15:00,,
2023-02-27,23:45,23:59,0:14:00,,
2023-02-28,15:18,15:29,0:11:00,,
2023-03-01,22:11,22:56,0:45:00,,
2023-03-02,2:04,2:38,0:34:00,,
2023-03-03,3:34,3:56,0:22:00,,
2023-03-04,23:49,23:59,0:10:00,,
2023-03-05,0:00,0:35,0:35:00,,
2023-03-05,0:35,2:15,1:40:00,yt,
2023-03-06,2:43,5:13,2:30:00,yt,
2023-03-07,22:29,23:42,1:13:00,,
2023-03-09,0:20,0:32,0:12:00,,
2023-03-13,17:09,17:23,0:14:00,tiktok,
2023-03-13,17:34,18:50,1:16:00,tiktok,
2023-03-13,21:19,21:22,0:03:00,tiktok,
2023-03-14,23:42,23:59,0:17:00,tiktok,
2023-03-15,0:00,0:02,0:02:00,tiktok,
2023-03-15,0:03,0:31,0:28:00,,
2023-03-15,9:24,9:44,0:20:00,tiktok,
2023-03-15,10:44,10:54,0:10:00,,
2023-03-15,11:48,12:03,0:15:00,tt,
2023-03-15,12:55,13:06,0:11:00,tt,
2023-03-15,13:18,13:28,0:10:00,tt,
2023-03-16,13:06,13:40,0:34:00,,
2023-03-19,21:35,23:06,1:31:00,yt,
2023-03-20,15:25,15:55,0:30:00,,
2023-03-20,22:04,22:38,0:34:00,,
2023-03-21,16:19,16:24,0:05:00,,
2023-03-21,16:30,16:47,0:17:00,,
2023-03-22,20:42,21:41,0:59:00,yt,
2023-03-23,15:40,16:00,,
2023-03-23,21:20,22:22,1:02:00,tt,
2023-03-23,22:43,23:13,0:30:00,tt,
2023-03-24,2:28,3:10,0:42:00,yt,
2023-03-24,22:29,22:37,0:08:00,,
2023-03-25,22:04,22:53,0:49:00,,
2023-03-27,13:32,13:43,0:11:00,,
2023-03-29,22:30,23:56,1:26:00,yt,
2023-03-31,1:49,2:29,0:40:00,,
2023-03-31,2:38,2:44,0:06:00,,
2023-04-02,22:26,23:13,0:47:00,yt,
2023-04-05,15:40,16:02,0:22:00,,
2023-04-08,19:11,19:59,0:48:00,,
2023-04-10,0:41,1:21,0:40:00,,
2023-04-10,17:19,17:25,0:06:00,,
2023-04-10,17:25,17:40,0:15:00,yt,
2023-04-11,11:15,12:51,1:36:00,yt,
2023-04-11,21:27,22:08,0:41:00,,
2023-04-13,2:47,3:06,0:19:00,,
2023-04-13,21:36,22:35,0:59:00,yt,
2023-04-14,8:26,8:36,0:10:00,yt,
2023-04-14,16:05,16:12,0:07:00,,
2023-04-15,23:22,23:59,0:37:00,,
2023-04-16,0:00,0:19,0:19:00,,
2023-04-17,22:51,23:14,0:23:00,,
2023-04-18,3:19,3:37,0:18:00,,
2023-04-19,13:58,14:00,0:02:00,,
2023-04-19,14:10,14:13,0:03:00,,
2023-04-20,14:43,14:49,0:06:00,,
2023-04-21,23:08,23:30,0:22:00,,
2023-04-22,2:23,2:45,0:22:00,,
2023-04-22,22:26,23:08,0:42:00,,
2023-04-23,16:09,16:23,0:14:00,,
2023-04-23,23:53,23:59,0:06:00,,
2023-04-24,0:00,0:01,0:01:00,,
2023-04-24,21:59,22:20,0:21:00,,
2023-04-25,1:22,2:04,0:42:00,,
2023-04-25,12:13,12:42,0:29:00,tt,
2023-04-25,13:23,14:01,0:38:00,tt,
2023-04-25,22:41,22:47,0:06:00,,
2023-04-26,1:27,2:03,0:36:00,,
2023-04-27,23:10,23:59,0:49:00,tt,
2023-04-27,0,0:26,0:26:00,tt,
2023-04-27,19:17,19:25,0:08:00,tt,
2023-04-28,2:26,3:00,0:34:00,tt,
2023-04-28,15:05,15:39,0:34:00,tt,
2023-04-28,22:20,23:01,0:41:00,tt,
2023-04-29,17:53,18:04,0:11:00,tt,
2023-04-29,20:12,20:45,0:33:00,tt,
2023-04-30,18:44,19:05,0:21:00,tt,
2023-04-30,20:00,20:39,0:39:00,tt,
2023-05-01,1:19,1:53,0:34:00,,
2023-05-01,9:54,10:01,0:07:00,tt,
2023-05-01,11:32,12:00,0:28:00,,
2023-05-01,12:35,12:55,0:20:00,tt,
2023-05-01,13:46,13:54,0:08:00,tt,
2023-05-01,14:59,16:29,1:30:00,tt,
2023-05-02,10:43,11:05,0:22:00,tt,
2023-05-02,11:46,11:59,0:13:00,tt,
2023-05-02,14:33,14:51,0:18:00,tt,
2023-05-02,15:08,15:26,0:18:00,,
2023-05-02,21:51,21:59,0:08:00,tt,
2023-05-02,23:27,23:59,0:32:00,,
2023-05-03,0:00,0:10,0:10:00,,
2023-05-03,12:46,14:07,1:21:00,,
2023-05-04,10:17,10:18,0:01:00,tt,
2023-05-04,11:20,11:50,0:30:00,,
2023-05-04,11:50,12:20,0:30:00,tt,
2023-05-04,13:20,13:44,0:24:00,,
2023-05-12,21:58,21:59,0:01:00,yt,
2023-05-15,14:30,15:02,0:32:00,,
2023-05-15,15:13,15:21,0:08:00,,
2023-05-16,11:17,11:32,0:15:00,,
2023-05-18,15:46,16:02,0:16:00,tt,
2023-05-21,18:06,18:23,0:17:00,tt,
2023-05-22,21:27,22:13,0:46:00,tt,
2023-05-22,22:38,22:47,0:09:00,tt,
2023-05-24,1:45,2:24,0:39:00,tt,
2023-05-24,9:46,9:58,0:12:00,tt,
2023-05-25,3:35,4:02,0:27:00,tt,
2023-05-25,10:41,10:53,0:12:00,tt,
2023-05-26,1:56,2:16,0:20:00,tt,
2023-05-26,10:14,10:20,0:06:00,tt,
2023-05-26,16:17,16:29,0:12:00,tt,
2023-05-29,22:25,23:45,1:20:00,,
2023-05-30,9:45,10:00,0:15:00,,
2023-05-30,11:22,11:37,0:15:00,tt,
2023-05-30,14:25,14:53,0:28:00,tt,
2023-05-30,16:35,17:09,0:34:00,tt,
2023-05-30,22:09,23:10,1:01:00,tt,
2023-05-31,14:32,14:49,0:17:00,tt,
2023-05-31,15:14,15:29,0:15:00,tt,
2023-06-01,14:42,16:00,1:18:00,tt,
2023-06-02,9:27,10:14,0:47:00,,
2023-06-03,0:56,1:19,0:23:00,,
2023-06-03,14:25,14:55,0:30:00,yt,
2023-06-03,16:53,17:50,0:57:00,yt,
2023-06-04,22:29,22:51,0:22:00,,
2023-06-05,1:00,2:30,1:30:00,tt,
2023-06-05,9:43,9:46,0:03:00,tt,
2023-06-05,10:30,10:35,0:05:00,,
2023-06-05,14:41,14:59,0:18:00,tt,
2023-06-05,23:04,23:43,0:39:00,,
2023-06-06,0:32,1:24,0:52:00,,
2023-06-06,10:05,10:15,0:10:00,,
2023-06-06,13:40,13:50,0:10:00,,
2023-06-06,14:23,14:27,0:04:00,,
2023-06-06,14:52,15:22,0:30:00,,
2023-06-06,21:41,21:58,0:17:00,,
2023-06-07,15:17,15:30,0:13:00,,
2023-06-07,22:21,22:36,0:15:00,tt,
2023-06-08,10:24,10:43,0:19:00,tt,
2023-06-08,11:44,11:55,0:11:00,tt,
2023-06-08,14:09,14:23,0:14:00,tt,
2023-06-09,11:36,11:51,0:15:00,tt,
2023-06-09,13:49,14:02,0:13:00,tt,
2023-06-09,14:13,14:20,0:07:00,tt,
2023-06-09,14:28,14:43,0:15:00,,
2023-06-10,3:05,4:55,1:50:00,,
2023-06-10,14:15,14:49,0:34:00,yt,
2023-06-10,19:34,19:53,0:19:00,tt,
2023-06-10,23:23,23:59,0:36:00,tt,
2023-06-11,1:21,1:43,0:22:00,tt,
2023-06-11,18:19,18:28,0:09:00,tt,
2023-06-11,21:12,21:37,0:25:00,tt,
2023-06-11,22:09,22:39,0:30:00,tt,
2023-06-15,14:04,14:15,0:11:00,tt,
2023-06-15,14:36,14:50,0:14:00,tt,
2023-06-15,19:10,19:12,0:02:00,tt,
2023-06-16,13:52,13:53,0:01:00,tt,
2023-06-16,14:05,14:20,0:15:00,tt,
2023-06-16,16:16,16:33,0:17:00,tt,
2023-06-16,22:10,23:13,1:03:00,yt,
2023-06-17,21:58,22:15,0:17:00,tt,
2023-06-17,22:26,22:35,0:09:00,yt,
2023-06-18,6:52,7:09,0:17:00,tt,
2023-06-18,19:45,23:59,4:14:00,,
2023-06-19,0:00,0:06,0:06:00,,
2023-06-19,0:00,0:18,0:18:00,yt,
2023-06-19,10:29,11:35,1:06:00,tt,
2023-06-19,16:30,16:45,0:15:00,tt,
2023-06-19,21:37,22:23,0:46:00,tt,
2023-06-20,0:46,1:44,0:58:00,tt,
2023-06-20,10:44,11:04,0:20:00,tt,
2023-06-20,13:40,14:02,0:22:00,tt,
2023-06-20,16:59,17:07,0:08:00,tt,
2023-06-20,20:18,20:22,0:04:00,tt,
2023-06-20,23:27,23:42,0:15:00,tt,
2023-06-21,12:03,12:24,0:21:00,tt,
2023-06-21,16:43,17:06,0:23:00,tt,
2023-07-01,10:17,10:25,0:08:00,tt,
2023-07-01,16:33,16:53,0:20:00,tt,
2023-07-01,21:39,21:48,0:09:00,tt,
2023-07-02,9:33,9:40,0:07:00,tt,
2023-07-02,16:33,17:25,0:52:00,tt,
2023-07-02,18:20,18:33,0:13:00,tt,
2023-07-02,20:50,21:05,0:15:00,tt,
2023-07-02,23:29,23:59,0:30:00,tt,
2023-07-03,0:00,0:29,0:29:00,tt,
2023-07-03,13:19,13:31,0:12:00,tt,
2023-07-03,15:25,15:35,0:10:00,tt,
2023-07-04,8:21,8:44,0:23:00,tt,
2023-07-04,22:15,23:09,0:54:00,,
2023-07-04,23:15,23:25,0:10:00,p,
2023-07-05,9:55,10:00,0:05:00,tt,
2023-07-05,14:29,14:55,0:26:00,tt,
2023-07-05,15:21,15:30,0:09:00,tt,
2023-07-05,22:19,23:25,1:06:00,yt,
2023-07-06,10:44,10:56,0:12:00,tt,
2023-07-06,13:45,13:50,0:05:00,tt,
2023-07-06,14:13,14:16,0:03:00,tt,
2023-07-06,14:41,14:45,0:04:00,tt,
2023-07-06,15:18,15:24,0:06:00,tt,
2023-07-07,11:10,11:31,0:21:00,tt,
2023-07-07,11:38,11:53,0:15:00,p,
2023-07-07,16:25,16:54,0:29:00,tt,
2023-07-07,22:53,23:59,1:06:00,tt,
2023-07-08,22:57,23:58,1:01:00,tt,
2023-07-09,sick day,,,,
2023-07-10,sick day,,,,
2023-07-11,10:03,10:08,0:05:00,tt,
2023-07-11,11:50,11:52,0:02:00,tt,
2023-07-11,16:16,16:28,0:12:00,tt,
2023-07-11,21:42,21:50,0:08:00,tt,
2023-07-11,22:20,23:18,0:58:00,tt,
2023-07-13,14:05,14:20,0:15:00,tt,
2023-07-13,16:20,16:26,0:06:00,tt,
2023-07-13,17:18,17:25,0:07:00,tt,
2023-07-13,22:04,23:59,1:55:00,tt,
2023-07-14,0:00,0:48,0:48:00,p,
2023-07-14,16:23,16:38,0:15:00,p,
2023-07-15,4:52,5:00,0:08:00,p,
2023-07-16,23:30,23:58,0:28:00,p,
2023-07-17,sick day,,,,
2023-07-18,sick day,,,,
2023-07-19,sick day,,,,
2023-07-20,11:38,11:58,0:20:00,tt,
2023-07-20,13:22,13:49,0:27:00,tt,
2023-07-20,17:02,17:15,0:13:00,p,
2023-07-20,20:30,20:41,0:11:00,tt,
2023-07-20,22:01,23:11,1:10:00,p,
2023-07-21,15:38,15:53,0:15:00,p,
2023-07-22,23:53,23:59,0:06:00,p,
2023-07-23,0:00,0:45,0:45:00,p,
2023-07-23,15:32,15:45,0:13:00,p,
2023-07-24,0:05,0:30,0:25:00,p,
2023-07-24,0:30,0:56,0:26:00,yt,
2023-07-25,1:03,1:30,0:27:00,p,
2023-07-25,16:44,16:47,0:03:00,p,
2023-07-25,21:49,22:18,0:29:00,p,
2023-07-26,20:42,20:54,0:12:00,yt,
2023-07-27,15:07,15:26,0:19:00,p,
2023-07-27,23:08,23:36,0:28:00,p,
2023-07-28,0:08,1:05,0:57:00,yt,
2023-07-29,23:36,23:55,0:19:00,p,
2023-07-30,21:25,23:19,1:54:00,yt,
2023-07-30,23:31,23:35,0:04:00,p,
2023-07-31,10:45,11:23,0:38:00,p,
2023-08-02,14:14,14:20,0:06:00,p,
2023-08-02,22:50,23:59,1:09:00,tt,
2023-08-03,12:38,12:54,0:16:00,p,
2023-08-04,11:37,11:49,0:12:00,p,
2023-08-05,21:33,22:04,0:31:00,yt,
2023-08-05,23:17,23:36,0:19:00,yt,
2023-08-06,21:13,21:54,0:41:00,tt,
2023-08-06,22:14,23:58,1:44:00,tt,
2023-08-07,1:40,2:05,0:25:00,tt,
2023-08-07,13:21,13:57,0:36:00,tt,
2023-08-07,14:58,15:17,0:19:00,tt,
2023-08-07,14:23,16:14,1:51:00,tt,
2023-08-07,16:32,16:35,0:03:00,tt,
2023-08-07,17:00,17:46,0:46:00,tt,
2023-08-07,18:14,18:16,0:02:00,p,
2023-08-07,21:11,21:30,0:19:00,tt,
2023-08-08,0:28,1:22,0:54:00,tt,
2023-08-08,10:55,11:23,0:28:00,tt,
2023-08-08,11:51,12:04,0:13:00,tt,
2023-08-08,13:15,13:19,0:04:00,tt,
2023-08-08,15:10,15:27,0:17:00,p,
2023-08-08,23:31,23:59,0:28:00,tt,
2023-08-10,8:35,8:47,0:12:00,tt,
2023-08-10,9:47,9:57,0:10:00,tt,
2023-08-10,14:00,14:09,0:09:00,tt,
2023-08-10,15:22,15:23,0:01:00,tt,
2023-08-10,15:51,16:00,0:09:00,tt,
2023-08-10,16:52,17:01,0:09:00,tt,
2023-08-11,1:11,1:43,0:32:00,tt,
2023-08-11,12:42,12:50,0:08:00,tt,
2023-08-11,13:57,14:48,0:51:00,p,
2023-08-11,17:53,18:02,0:09:00,tt,
2023-08-11,20:46,20:56,0:10:00,tt,
2023-08-11,22:40,23:59,1:19:00,p,
2023-08-12,0:00,0:28,0:28:00,p,
2023-08-12,2:29,2:48,0:19:00,tt,
2023-08-12,12:56,13:03,0:07:00,tt,
2023-08-12,13:43,14:06,0:23:00,tt,
2023-08-12,16:04,16:10,0:06:00,tt,
2023-08-13,0:32,0:54,0:22:00,tt,
2023-08-13,23:39,23:59,0:20:00,tt,
2023-08-14,0:00,0:40,0:40:00,tt,
2023-08-14,10:46,10:56,0:10:00,tt,
2023-08-14,13:39,14:00,0:21:00,tt,
2023-08-14,21:28,21:37,0:09:00,tt,
2023-08-15,0:34,1:28,0:54:00,tt,
2023-08-15,9:39,10:40,1:01:00,tt,
2023-08-15,13:16,13:25,0:09:00,tt,
2023-08-15,14:18,14:37,0:19:00,p,
2023-08-15,23:50,23:59,0:09:00,tt,
2023-08-16,0:00,0:43,0:43:00,tt,
2023-08-17,0:12,1:03,0:51:00,tt,
2023-08-17,13:09,13:32,0:23:00,tt,
2023-08-17,22:43,23:37,0:54:00,tt,
2023-08-18,1:39,1:56,0:17:00,yt,
2023-08-18,11:04,11:18,0:14:00,tt,
2023-08-18,11:30,11:32,0:02:00,yt,
2023-08-18,13:01,13:13,0:12:00,tt,
2023-08-18,13:16,13:38,0:22:00,p,
2023-08-18,13:43,14:00,0:17:00,tt,
2023-08-18,14:51,15:50,0:59:00,p,
2023-08-18,21:42,22:44,1:02:00,p,
2023-08-18,23:45,23:59,0:14:00,yt,
2023-08-18,0:00,0:49,0:49:00,tt,
2023-08-19,sick day,,,,
2023-08-20,sick day,,,,
2023-08-21,10:44,10:55,0:11:00,tt,
2023-08-21,12:49,12:59,0:10:00,tt,
2023-08-21,13:50,14:00,0:10:00,tt,
2023-08-21,14:31,15:44,1:13:00,tt,
2023-08-21,19:59,20:38,0:39:00,p,
2023-08-22,14:28,15:23,0:55:00,yt,
2023-08-23,22:59,23:22,0:23:00,yt,
2023-08-23,23:41,23:59,0:18:00,p,
2023-08-24,0:00,0:23,0:23:00,p,
2023-08-25,Sick day,,,,
2023-08-26,17:01,17:17,0:16:00,p,
2023-08-26,16:37,16:47,0:10:00,yt,
2023-08-28,0:42,0:56,0:14:00,p,
2023-08-30,9:32,9:43,0:11:00,yt,
2023-08-30,14:42,14:51,0:09:00,yt,
2023-08-30,22:48,23:09,0:21:00,p,
2023-09-02,21:58,23:59,2:01:00,tt,
2023-09-03,0:00,0:02,0:02:00,tt,
2023-09-03,22:18,23:18,1:00:00,tt,
2023-09-04,10:58,11:19,0:21:00,tt,
2023-09-04,23:33,23:59,0:26:00,p,
2023-09-05,0:00,0:02,0:02:00,tt,
2023-09-05,0:10,1:01,0:51:00,tt,
2023-09-05,10:15,10:30,0:15:00,tt,
2023-09-05,10:51,10:54,0:03:00,tt,
2023-09-05,15:17,15:54,0:37:00,tt,
2023-09-05,17:06,17:11,0:05:00,tt,
2023-09-05,19:40,19:43,0:03:00,p,
2023-09-05,21:21,23:59,2:38:00,yt,
2023-09-14,11:40,11:45,0:05:00,tt,
2023-09-14,15:32,15:38,0:06:00,tt,
2023-09-14,20:02,20:06,0:04:00,tt,
2023-09-14,20:14,20:18,0:04:00,tt,
2023-09-15,13:50,14:36,0:46:00,tt,
2023-09-15,9:12,9:22,0:10:00,tt,
2023-09-17,21:16,22:20,1:04:00,tt,
2023-09-18,8:39,8:52,0:13:00,tt,
2023-09-18,9:52,9:57,0:05:00,tt,
2023-09-19,0:58,1:28,0:30:00,p,
2023-09-19,12:26,12:32,0:06:00,yt,
2023-09-19,18:38,19:20,0:42:00,r,
2023-09-20,1:48,2:05,0:17:00,p,
2023-09-20,21:41,22:08,0:27:00,p,
2023-09-20,22:08,22:43,0:35:00,yt,
2023-09-21,14:57,15:17,0:20:00,p,
2023-09-22,22:46,23:18,0:32:00,yt,
2023-09-23,0:38,1:14,0:36:00,r,
2023-09-25,21:36,22:03,0:27:00,p,
2023-09-25,22:15,22:49,0:34:00,yt,
2023-09-27,12:19,12:22,0:03:00,p,
2023-09-27,14:14,14:20,0:06:00,p,
2023-09-27,15:47,16:09,0:22:00,p,
2023-09-28,15:11,15:13,0:02:00,p,
2023-09-29,20:05,23:45,3:40:00,p,
2023-09-30,21:14,21:31,0:17:00,yt,
2023-10-02,22:13,22:40,0:27:00,p,
2023-10-04,12:17,12:19,0:02:00,yt,
2023-10-04,15:27,15:30,0:03:00,yt,
2023-10-05,1:29,1:52,0:23:00,tt,
2023-10-05,10:30,10:51,0:21:00,tt,
2023-10-05,12:15,12:22,0:07:00,p,
2023-10-05,13:41,13:57,0:16:00,yt,
2023-10-05,15:50,15:55,0:05:00,yt,
2023-10-06,22:09,23:20,1:11:00,p,
2023-10-07,2:17,2:44,0:27:00,,
2023-10-08,sick day,,,,
2023-10-09,sick day,,,,
2023-10-10,12:11,12:26,0:15:00,tt,
2023-10-10,13:45,13:47,0:02:00,tt,
2023-10-10,21:37,21:38,0:01:00,p,
2023-10-10,21:47,22:18,0:31:00,p,
2023-10-12,8:56,9:08,0:12:00,tt,
2023-10-12,10:34,10:55,0:21:00,tt,
2023-10-12,16:35,16:45,0:10:00,tt,
2023-10-12,22:08,22:42,0:34:00,p,
2023-10-13,2:14,2:32,0:18:00,tt,
2023-10-13,14:41,14:57,0:16:00,tt,
2023-10-13,18:04,18:05,0:01:00,tt,
2023-10-13,22:06,22:54,0:48:00,p,
2023-10-14,0:42,1:16,0:34:00,tt,
2023-10-14,8:58,9:12,0:14:00,tt,
2023-10-15,0:46,1:23,0:37:00,tt,
2023-10-15,21:54,22:40,0:46:00,tt,
2023-10-17,2:04,2:21,0:17:00,tt,
2023-10-17,13:48,13:50,0:02:00,tt,
2023-10-17,22:39,22:54,0:15:00,tt,
2023-10-18,0:35,0:57,0:22:00,tt,
2023-10-18,6:36,7:45,1:09:00,tt,
2023-10-18,11:18,11:28,0:10:00,tt,
2023-10-18,14:34,15:05,0:31:00,tt,
2023-10-18,16:34,16:38,0:04:00,tt,
2023-10-19,4:13,5:34,1:21:00,tt,
2023-10-19,23:06,23:52,0:46:00,tt,
2023-10-20,15:00,15:15,0:15:00,p,
2023-10-20,15:11,15:43,0:32:00,tt,
2023-10-21,20:53,20:59,0:06:00,tt,
2023-10-22,1:12,1:30,0:18:00,tt,
2023-10-22,20:08,20:16,0:08:00,tt,
2023-10-23,3:41,4:01,0:20:00,p,
2023-10-23,9:13,9:19,0:06:00,tt,
2023-10-23,11:29,12:01,0:32:00,tt,
2023-10-23,15:26,15:30,0:04:00,tt,
2023-10-24,8:49,9:03,0:14:00,tt,
2023-10-24,12:09,12:30,0:21:00,tt,
2023-10-24,12:56,13:00,0:04:00,tt,
2023-10-24,14:34,14:49,0:15:00,tt,
2023-10-24,23:00,23:59,0:59:00,tt,
2023-10-25,0:00,0:07,0:07:00,p,
2023-10-25,0:38,0:45,0:07:00,tt,
2023-10-25,14:13,14:30,0:17:00,tt,
2023-10-25,15:27,15:31,0:04:00,tt,
2023-10-25,15:40,16:26,0:46:00,tt,
2023-10-26,9:41,10:00,0:19:00,tt,
2023-10-26,10:21,10:25,0:04:00,tt,
2023-10-26,13:27,13:44,0:17:00,tt,
2023-10-27,23:03,23:59,0:56:00,tt,
2023-10-27,0:00,0:04,0:04:00,tt,
2023-10-28,21:59,22:50,0:51:00,tt,
2023-10-29,4:25,4:46,0:21:00,p,
2023-10-30,11:35,11:43,0:08:00,tt,
2023-10-30,17:19,17:42,0:23:00,tt,
2023-10-30,22:07,23:08,1:01:00,tt,
2023-11-01,9:04,9.44,217:29:36,tt,
2023-11-01,14:04,14:19,0:15:00,tt,
2023-11-01,21:59,22:20,0:21:00,tt,
2023-11-02,20:59,22:36,1:37:00,tt,
2023-11-03,17:02,17:32,0:30:00,tt,
2023-11-03,21:23,23:00,1:37:00,tt,
2023-11-03,23:27,23:50,0:23:00,tt,
2023-11-04,23:48,23:59,0:11:00,tt,
2023-11-05,0:00,0:50,0:50:00,tt,
2023-11-05,23:53,23:59,0:06:00,tt,
2023-11-06,0:00,0:53,0:53:00,tt,
2023-11-07,23:29,23:59,0:30:00,tt,
2023-11-08,travel day,,,,
2023-11-09,travel day,,,,
2023-11-10,travel day,,,,
2023-11-11,15:33,15:40,0:07:00,tt,
2023-11-11,21:31,23:11,1:40:00,p,
2023-11-12,8:37,8:57,0:20:00,tt,
2023-11-12,9:14,9:24,0:10:00,tt,
2023-11-12,12:31,12:51,0:20:00,tt,
2023-11-12,17:31,17:38,0:07:00,tt,
2023-11-12,20:23,20:42,0:19:00,tt,
2023-11-13,12:40,12:51,0:11:00,tt,
2023-11-13,21:30,22:07,0:37:00,p,
2023-11-14,0:00,0:06,0:06:00,tt,
2023-11-14,9:44,9:55,0:11:00,tt,
2023-11-14,13:23,13:50,0:27:00,tt,
2023-11-14,14:21,14:30,0:09:00,tt,
2023-11-15,0:34,0:56,0:22:00,,
2023-11-15,4:24,4:33,0:09:00,,
2023-11-15,18:23,18:37,0:14:00,,
2023-11-15,20:25,21:05,0:40:00,,
2023-11-16,1:28,1:38,0:10:00,,
2023-11-16,12:24,12:57,0:33:00,,
2023-11-16,13:33,13:42,0:09:00,p,
2023-11-17,0:32,0:43,0:11:00,,
2023-11-17,1:04,1:14,0:10:00,,
2023-11-17,11:01,11:24,0:23:00,,
2023-11-17,15:32,15:44,0:12:00,,
2023-11-17,21:02,21:42,0:40:00,,
2023-11-17,22:01,22:11,0:10:00,,
2023-11-18,1:19,2:01,0:42:00,,
2023-11-18,21:45,21:53,0:08:00,,
2023-11-19,0:01,1:00,0:59:00,,
2023-11-19,1:40,2:05,0:25:00,p,
2023-11-20,12:50,13:03,0:13:00,p,
2023-11-21,15:37,15:45,0:08:00,p,
2023-11-21,22:15,23:59,1:44:00,p,
2023-11-22,0:00,0:09,0:09:00,p,
2023-11-22,0:09,0:28,0:19:00,yt,
2023-11-22,21:16,21:27,0:11:00,p,
2023-11-22,23:05,23:59,0:54:00,p,
2023-11-23,0:00,0:20,0:20:00,p,
2023-11-23,0:23,1:18,0:55:00,yt,
2023-11-24,21:56,22:56,1:00:00,,
2023-11-25,23:57,23:59,0:02:00,yt,
2023-11-26,0:01,0:18,0:17:00,p,
2023-11-27,sick day,,,,
2023-11-28,sick day,,,,
2023-11-29,sick day,,,,
2023-11-30,7:37,8:08,0:31:00,yt,
2023-11-30,12:03,12:10,0:07:00,,
2023-11-30,13:20,13:41,0:21:00,tt,
2023-11-30,14:26,14:30,0:04:00,tt,
2023-11-30,15:18,15:48,0:30:00,tt,
2023-11-30,20:25,21:06,0:41:00,tt,
2023-12-01,0:09,1:12,1:03:00,tt,
2023-12-01,8:52,9:41,0:49:00,tt,
2023-12-01,11:19,11:32,0:13:00,p,
2023-12-01,22:11,23:44,1:33:00,p,
2023-12-02,22:28,23:59,1:31:00,yt,
2023-12-03,0:00,0:18,0:18:00,yt,
2023-12-03,2:20,3:12,0:52:00,tt,
2023-12-03,15:00,15:30,0:30:00,tt,
2023-12-03,22:50,23:39,0:49:00,tt,
2023-12-03,23:42,23:55,0:13:00,tt,
2023-12-04,8:50,9:08,0:18:00,tt,
2023-12-04,12:53,13:07,0:14:00,p,
2023-12-05,12:01,12:23,0:22:00,tt,
2023-12-05,12:44,12:56,0:12:00,tt,
2023-12-05,17:02,17:18,0:16:00,p,
2023-12-05,23:15,23:59,0:44:00,tt,
2023-12-06,12:36,12:59,0:23:00,tt,
2023-12-06,17:37,17:53,0:16:00,tt,
2023-12-06,21:24,22:28,1:04:00,tt,
2023-12-06,22:28,22:42,0:14:00,p,
2023-12-07,11:14,11:19,0:05:00,tt,
2023-12-07,14:18,14:46,0:28:00,tt,
2023-12-07,14:08,15:56,1:48:00,tt,
2023-12-08,3:35,4:07,0:32:00,tt,
2023-12-08,13:37,14:00,0:23:00,p,
2023-12-08,16:32,16:46,0:14:00,tt,
2023-12-09,0:03,1:04,1:01:00,tt,
2023-12-09,20:05,20:30,0:25:00,tt,
2023-12-10,18:57,19:07,0:10:00,tt,
2023-12-11,3:49,4:40,0:51:00,tt,
2023-12-11,22:20,23:11,0:51:00,tt,
2023-12-12,11:48,11:52,0:04:00,tt,
2023-12-12,15:40,15:46,0:06:00,tt,
2023-12-12,20:45,21:19,0:34:00,tt,
2023-12-13,1:01,1:41,0:40:00,tt,
2023-12-14,11:31,12:04,0:33:00,tt,
2023-12-14,13:52,14:23,0:31:00,tt,
2023-12-14,20:50,21:15,0:25:00,tt,
2023-12-14,13:12,13:53,0:41:00,tt,
2023-12-15,13:03,13:22,0:19:00,tt,
2023-12-15,19:17,20:22,1:05:00,tt,
2023-12-17,0:17,1:18,1:01:00,tt,
2023-12-17,20:23,21:44,1:21:00,tt,
2023-12-17,21:49,22:08,0:19:00,p,
2023-12-18,0:50,1:25,0:35:00,tt,
2023-12-18,9:34,9:52,0:18:00,tt,
2023-12-18,11:34,11:48,0:14:00,tt,
2023-12-19,0:57,1:23,0:26:00,tt,
2023-12-19,11:30,11:47,0:17:00,tt,
2023-12-19,12:23,12:30,0:07:00,tt,
2023-12-22,9:17,9:23,0:06:00,tt,
2023-12-22,15:51,16:07,0:16:00,p,
2023-12-22,17:33,17:43,0:10:00,tt,
2023-12-22,22:44,23:14,0:30:00,tt,
2023-12-23,8:47,9:10,0:23:00,tt,
2023-12-23,22:15,23:12,0:57:00,tt,
2023-12-24,12:25,13:09,0:44:00,tt,
2023-12-24,14:37,14:43,0:06:00,tt,
2023-12-24,18:59,19:11,0:12:00,tt,
2023-12-24,22:36,23:23,0:47:00,tt,
2023-12-24,23:39,23:52,0:13:00,p,
2023-12-25,13:32,14:12,0:40:00,p,
2023-12-26,10:35,10:48,0:13:00,tt,
2023-12-26,13:09,13:26,0:17:00,tt,
2023-12-26,14:22,14:31,0:09:00,tt,
2023-12-26,22:01,22:44,0:43:00,tt,
2023-12-27,12:05,12:22,0:17:00,p,
2023-12-27,14:43,14:44,0:01:00,tt,
2023-12-28,10:01,10:06,0:05:00,tt,
2023-12-28,14:22,14:40,0:18:00,tt,
2023-12-28,14:46,15:00,0:14:00,p,
2023-12-28,16:05,16:17,0:12:00,p,
2023-12-29,12:05,12:13,0:08:00,tt,
2023-12-29,17:00,17:13,0:13:00,tt,
2023-12-30,12:00,12:07,0:07:00,tt,
2023-12-30,23:10,23:59,0:49:00,tt,
2023-12-31,0:00,0:12,0:12:00,tt,
2024-01-01,sick day,,,,
2024-01-02,sick day,,,,
2024-01-03,10:39,10:50,0:11:00,tt,
2024-01-03,13:05,13:10,0:05:00,tt,
2024-01-03,15:16,15:20,0:04:00,p,
2024-01-03,15:22,15:36,0:14:00,p,
2024-01-03,17:31,17:53,0:22:00,tt,
2024-01-04,14:18,14:47,0:29:00,tt,
2024-01-05,0:44,1:40,0:56:00,tt,
2024-01-06,21:16,21:30,0:14:00,tt,
2024-01-07,22:23,22:47,0:24:00,p,
2024-01-08,14:10,14:20,0:10:00,p,
2024-01-09,0:42,0:56,0:14:00,p,
2024-01-09,12:45,12:52,0:07:00,p,
2024-01-08,20:33,22:42,2:09:00,p,
2024-01-11,20:55,21:01,0:06:00,p,
2024-01-15,10:01,10:03,0:02:00,p,
2024-01-15,20:55,21:20,0:25:00,p,
2024-01-16,9:58,10:04,0:06:00,p,
2024-01-17,21:00,21:33,0:33:00,p,
2024-01-17,21:43,21:46,0:03:00,p,
2024-01-20,15:49,15:55,0:06:00,p,
2024-01-20,21:40,23:59,2:19:00,p,
2024-01-21,0:00,0:30,0:30:00,p,
2024-01-21,14:06,14:13,0:07:00,p,
2024-01-21,15:07,15:19,0:12:00,p,
2024-01-21,18:08,18:20,0:12:00,p,
2024-01-22,16:17,16:19,0:02:00,p,
2024-01-23,1:45,3:00,1:15:00,p,
2024-01-24,4:12,6:29,2:17:00,p,
2024-01-24,16:29,16:42,0:13:00,p,
2024-01-24,15:51,15:57,0:06:00,p,
2024-02-01,15:19,15:34,0:15:00,p,
2024-02-01,23:40,23:55,0:15:00,p,
2024-02-03,12:08,12:18,0:10:00,ig,
2024-02-04,1:12,1:30,0:18:00,p,
2024-02-05,0:30,1:00,0:30:00,p,
2024-02-05,12:03,12:53,0:50:00,ig,
2024-02-05,12:56,13:02,0:06:00,p,
2024-02-06,9:33,10:00,0:27:00,ig,
2024-02-06,14:34,14:42,0:08:00,ig,
2024-02-07,14:06,14:32,0:26:00,p,
2024-02-09,9:54,9:57,0:03:00,ig,
2024-02-13,9:57,10:22,0:25:00,p,
2024-02-13,15:26,15:35,0:09:00,ig,
2024-02-16,1:30,2:00,0:30:00,p,
2024-02-16,3:21,3:25,0:04:00,ig,
2024-02-16,3:46,3:55,0:09:00,p,
2024-02-17,20:00,20:28,0:28:00,ig,
2024-02-18,1:57,3:12,1:15:00,p,
2024-02-19,0:53,1:16,0:23:00,p,
2024-02-19,15:55,16:00,0:05:00,ig,
2024-02-19,21:26,21:46,0:20:00,,
2024-02-20,14:57,15:01,0:04:00,ig,
2024-02-21,14:42,14:44,0:02:00,p,
2024-02-21,15:30,15:39,0:09:00,p,
2024-02-23,0:12,0:22,0:10:00,ig,
2024-02-23,0:22,0:30,0:08:00,p,
2024-02-23,14:08,14:59,0:51:00,tt,
2024-02-25,Sick Day,,,,
2024-02-26,Sick Day,,,,
2024-02-28,8:56,8:58,0:02:00,p,
2024-02-28,10:46,11:06,0:20:00,ig,
2024-02-28,13:59,14:39,0:40:00,p,
2024-02-29,21:00,23:59,2:59:00,p,
2024-03-01,0:00,1:56,1:56:00,p,
2024-03-01,2:15,2:50,0:35:00,ig,
2024-03-03,23:23,23:59,0:36:00,p,
2024-03-04,0:00,2:15,2:15:00,p,
2024-03-04,12:15,12:20,0:05:00,ig,
2024-03-05,22:00,23:15,1:15:00,p,
2024-03-06,15:08,15:22,0:14:00,p,
2024-03-06,21:28,23:59,2:31:00,p,
2024-03-07,12:38,12:51,0:13:00,ig,
2024-03-07,15:49,16:17,0:28:00,p,
2024-03-08,13:45,13:52,0:07:00,ig,
2024-03-08,15:48,15:52,0:04:00,ig,
2024-03-11,13:21,13:55,0:34:00,tt,
2024-03-11,14:32,14:44,0:12:00,tt,
2024-03-15,17:12,17:20,0:08:00,tt,
2024-03-16,14:50,15:04,0:14:00,tt,
2024-03-16,21:36,22:54,1:18:00,tt,
2024-03-17,21:35,22:22,0:47:00,tt,
2024-03-18,9:32,9:44,0:12:00,tt,
2024-03-19,0:56,1:04,0:08:00,tt,
2024-03-19,15:54,16:05,0:11:00,tt,
2024-03-19,16:22,16:56,0:34:00,tt,
2024-03-19,18:40,18:47,0:07:00,tt,
2024-03-20,0:55,1:53,0:58:00,tt,
2024-03-20,9:24,9:38,0:14:00,p,
2024-03-20,10:14,10:33,0:19:00,p,
2024-03-20,20:46,21:03,0:17:00,tt,
2024-03-21,15:36,15:45,0:09:00,tt,
2024-03-21,17:27,17:36,0:09:00,tt,
2024-03-22,1:45,2:38,0:53:00,tt,
2024-03-22,10:44,10:47,0:03:00,tt,
2024-03-22,17:19,17:23,0:04:00,tt,
2024-03-23,12:12,12:36,0:24:00,tt,
2024-03-23,17:24,18:16,0:52:00,tt,
2024-03-23,18:17,18:53,0:36:00,p,
2024-03-24,11:41,11:49,0:08:00,tt,
2024-03-25,6:04,7:20,1:16:00,tt,
2024-03-25,12:27,12:44,0:17:00,tt,
2024-03-26,10:12,10:24,0:12:00,tt,
2024-03-27,19:45,19:55,0:10:00,p,
2024-03-27,22:00,23:45,1:45:00,p,
2024-03-28,8:42,9:05,0:23:00,p,
2024-03-28,13:13,13:44,0:31:00,p,
2024-03-29,14:29,15:30,1:01:00,p,
2024-03-29,19:14,19:29,0:15:00,tt,
2024-03-29,21:35,22:57,1:22:00,tt,
2024-03-29,23:30,23:59,0:29:00,p,
2024-03-29,0:00,1:41,1:41:00,p,
2024-03-31,15:23,15:38,0:15:00,tt,
2024-03-31,16:20,16:55,0:35:00,p,
2024-03-31,21:33,21:48,0:15:00,tt,
2024-03-31,22:24,22:32,0:08:00,tt,
2024-04-01,5:40,6:10,0:30:00,p,
2024-04-01,9:20,10:20,1:00:00,p,
2024-04-01,10:47,11:00,0:13:00,tt,
2024-04-01,12:09,12:25,0:16:00,tt,
2024-04-01,21:43,22:45,1:02:00,tt,
2024-04-02,13:39,13:50,0:11:00,tt,
2024-04-02,16:44,16:50,0:06:00,p,
2024-04-02,22:45,23:49,1:04:00,tt,
2024-04-03,11:12,11:17,0:05:00,p,
2024-04-03,18:07,18:17,0:10:00,tt,
2024-04-03,18:55,19:09,0:14:00,p,
2024-04-04,21:47,22:53,1:06:00,tt,
2024-04-05,10:52,11:18,0:26:00,tt,
2024-04-05,15:11,15:49,0:38:00,p,
2024-04-05,17:22,17:42,0:20:00,tt,
2024-04-05,22:51,23:59,1:08:00,p,
2024-04-06,0:00,0:33,0:33:00,p,
2024-04-06,12:37,12:46,0:09:00,ig,
2024-04-07,23:14,23:44,0:30:00,tt,
2024-04-09,20:18,20:32,0:14:00,tt,
2024-04-11,9:42,10:07,0:25:00,p,
2024-04-11,14:47,15:52,1:05:00,tt,
2024-04-11,21:26,22:20,0:54:00,tt,
2024-04-12,12:29,12:31,0:02:00,p,
2024-04-13,10:33,10:39,0:06:00,ig,
2024-04-13,15:19,15:49,0:30:00,p,
2024-04-18,18:35,18:50,0:15:00,ig,
2024-04-19,10:47,11:01,0:14:00,p,
2024-04-20,17:48,18:00,0:12:00,ig,
2024-04-21,16:45,16:51,0:06:00,ig,
2024-04-21,16:51,17:04,0:13:00,p,
2024-04-22,13:48,15:08,1:20:00,tt,
2024-04-22,15:22,16:23,1:01:00,p,
2024-04-22,17:10,17:35,0:25:00,p,
2024-04-22,17:56,18:35,0:39:00,p,
2024-04-23,18:50,19:23,0:33:00,tt,
2024-04-23,20:38,20:44,0:06:00,tt,
2024-04-24,21:29,22:07,0:38:00,tt,
2024-04-25,3:12,5:01,1:49:00,tt,
2024-04-25,11:11,11:20,0:09:00,tt,
2024-04-25,11:42,12:15,0:33:00,p,
2024-04-25,15:47,15:50,0:03:00,p,
2024-04-25,22:22,22:59,0:37:00,ig,
2024-04-26,22:36,22:46,0:10:00,p,
2024-04-27,13:02,13:20,0:18:00,p,
2024-04-27,15:47,16:07,0:20:00,p,
2024-04-27,16:13,16:19,0:06:00,p,
2024-04-27,22:45,23:59,1:14:00,p,
2024-04-28,0:00,2:32,2:32:00,p,
2024-04-28,18:41,18:48,0:07:00,ig,
2024-04-28,22:01,23:59,1:58:00,p,
2024-04-29,0:00,1:08,1:08:00,p,
2024-04-29,6:39,7:52,1:13:00,p,
2024-04-29,12:41,13:00,0:19:00,p,
2024-04-30,11:03,11:59,0:56:00,p,
2024-04-30,0:00,3:58,3:58:00,p,
2024-05-01,9:58,10:22,0:24:00,p,
2024-05-01,22:25,23:56,1:31:00,p,
2024-05-03,14:38,14:42,0:04:00,ig,
2024-05-04,13:18,13:25,0:07:00,ig,
2024-05-06,18:50,19:14,0:24:00,p,
2024-05-09,22:25,23:59,1:34:00,p,
2024-05-10,0:00,0:05,0:05:00,p,
2024-05-10,10:03,10:11,0:08:00,p,
2024-05-10,23:10,23:35,0:25:00,tt,
2024-05-11,20:45,20:55,0:10:00,tt,
2024-05-11,21:17,22:01,0:44:00,p,
2024-05-11,22:46,22:56,0:10:00,tt,
2024-05-11,23:03,23:59,0:56:00,p,
2024-05-12,0:00,0:02,0:02:00,p,
2024-05-14,14:53,15:03,0:10:00,p,
2024-05-15,9:32,9:38,0:06:00,ig,
2024-05-15,10:57,11:08,0:11:00,p,
2024-05-16,14:02,14:11,0:09:00,p,
2024-05-19,23:26,23:30,0:04:00,p,
2024-05-20,0:16,0:46,0:30:00,p,
2024-05-20,22:17,22:34,0:17:00,tt,
2024-05-20,22:34,22:49,0:15:00,p,
2024-05-21,23:31,23:46,0:15:00,tt,
2024-05-22,15:10,15:16,0:06:00,ig,
2024-05-22,15:16,15:30,0:14:00,p,
2024-05-25,17:18,17:34,0:16:00,p,
2024-05-26,15:15,15:24,0:09:00,p,
2024-05-27,22:01,22:33,0:32:00,p,
2024-06-02,0:24,1:00,0:36:00,p,
2024-06-02,13:01,13:24,0:23:00,p,
2024-06-02,22:30,23:59,1:29:00,p,
2024-06-03,0:00,0:56,0:56:00,p,
2024-06-05,22:07,22:33,0:26:00,ig,
2024-06-05,23:15,23:39,0:24:00,p,
2024-06-08,14:34,14:41,0:07:00,ig,
2024-06-08,19:41,19:55,0:14:00,p,
2024-06-11,15:22,15:31,0:09:00,p,
2024-06-13,0:45,0:59,0:14:00,p,
2024-06-13,1:29,1:39,0:10:00,ig,
2024-06-14,21:33,21:41,0:08:00,p,
2024-06-15,22:37,22:55,0:18:00,ig,
2024-06-15,9:33,9:36,0:03:00,p,
2024-06-16,14:12,14:43,0:31:00,ig,
2024-06-18,0:33,1:17,0:44:00,p,
2024-06-18,12:26,12:44,0:18:00,p,
2024-06-18,14:49,14:58,0:09:00,p,
2024-06-18,10:32,11:59,1:27:00,p,
2024-06-19,0:00,1:35,1:35:00,p,
2024-06-21,11:00,11:44,0:44:00,p,
2024-06-22,20:05,20:18,0:13:00,p,
2024-06-24,12:32,12:50,0:18:00,p,
2024-06-24,14:29,15:41,1:12:00,p,
2024-06-25,14:17,14:19,0:02:00,ig,
2024-06-25,21:17,21:28,0:11:00,tt,
2024-06-26,6:45,7:13,0:28:00,p,
2024-06-27,20:09,20:22,0:13:00,ig,
2024-06-28,15:23,15:44,0:21:00,ig,
2024-06-29,10:15,10:25,0:10:00,p,
2024-06-29,13:44,14:24,0:40:00,ig,
2024-06-29,19:26,19:58,0:32:00,p,
2024-06-30,18:58,19:29,0:31:00,p,
2024-07-01,11:34,11:49,0:15:00,p,
2024-07-01,17:32,17:45,0:13:00,,
2024-07-02,11:57,12:01,0:04:00,p,
2024-07-04,12:10,12:17,0:07:00,p,
2024-07-05,23:01,23:29,0:28:00,tt,
2024-07-06,23:25,23:59,0:34:00,p,
2024-07-07,0:00,1:01,1:01:00,p,
2024-07-07,14:50,15:04,0:14:00,,
2024-07-11,15:53,16:00,0:07:00,,
2024-07-12,12:39,12:48,0:09:00,,
2024-07-12,16:46,16:52,0:06:00,,
2024-07-13,16:50,17:04,0:14:00,ig,
2024-07-13,23:08,23:44,0:36:00,p,
2024-07-14,17:38,17:55,0:17:00,ig,
2024-07-16,0:34,0:55,0:21:00,ig,
2024-07-16,18:06,18:08,0:02:00,ig,
2024-07-17,0:22,1:27,1:05:00,p,
2024-07-17,10:38,10:49,0:11:00,ig,
2024-07-18,14:39,14:48,0:09:00,p,
2024-07-20,14:50,15:00,0:10:00,ig,
2024-07-20,15:30,16:17,0:47:00,tt,
2024-07-20,16:17,17:10,0:53:00,p,
2024-07-21,10:59,11:04,0:05:00,ig,
2024-07-24,2:07,2:11,0:04:00,p,
2024-07-24,10:15,10:25,0:10:00,ig,
2024-07-29,17:52,18:05,0:13:00,tt,
2024-07-31,23:52,23:59,0:07:00,p,
2024-08-01,0:00,1:05,1:05:00,p,
2024-08-02,0:28,1:05,0:37:00,p,
2024-08-04,19:32,19:34,0:02:00,p,
2024-08-04,23:39,23:53,0:14:00,p,
2024-08-05,10:43,10:49,0:06:00,tt,
2024-08-06,10:25,10:34,0:09:00,tt,
2024-08-06,13:01,13:11,0:10:00,tt,
2024-08-07,22:46,22:55,0:09:00,p,
2024-08-08,14:57,15:07,0:10:00,tt,
2024-08-08,16:51,16:55,0:04:00,tt,
2024-08-09,11:12,11:44,0:32:00,tt,
2024-08-09,14:54,14:56,0:02:00,p,
2024-08-09,20:37,20:47,0:10:00,p,
2024-08-10,11:55,11:58,0:03:00,p,
2024-08-10,13:59,14:06,0:07:00,p,
2024-08-11,16:47,17:23,0:36:00,tt,
2024-08-12,21:32,22:00,0:28:00,tt,
2024-08-12,23:16,23:55,0:39:00,p,
2024-08-13,0:00,0:34,0:34:00,p,
2024-08-13,13:57,14:00,0:03:00,p,
2024-08-13,16:22,16:32,0:10:00,p,
2024-08-15,13:30,14:25,0:55:00,tt,
2024-08-15,14:28,14:32,0:04:00,p,
2024-08-15,18:38,18:42,0:04:00,p,
2024-08-16,0:14,1:03,0:49:00,tt,
2024-08-16,15:09,15:12,0:03:00,p,
2024-08-16,15:35,15:45,0:10:00,tt,
2024-08-16,8:17,8:22,0:05:00,p,
2024-08-17,8:45,8:55,0:10:00,p,
2024-08-17,10:44,10:53,0:09:00,tt,
2024-08-17,13:56,13:59,0:03:00,p,
2024-08-18,13:19,13:41,0:22:00,p,
2024-08-18,16:03,16:13,0:10:00,p,
2024-08-19,12:27,12:34,0:07:00,p,
2024-08-19,19:08,19:17,0:09:00,p,
2024-08-20,13:29,13:32,0:03:00,tt,
2024-08-20,20:57,23:08,2:11:00,tt,
2024-08-20,23:08,23:22,0:14:00,p,
2024-08-21,11:20,11:26,0:06:00,tt,
2024-08-21,14:45,14:49,0:04:00,tt,
2024-08-21,23:02,23:25,0:23:00,tt,
2024-08-22,10:31,10:44,0:13:00,p,
2024-09-04,8:50,8:56,0:06:00,tt,
2024-09-04,10:51,11:03,0:12:00,p,
2024-09-04,23:28,23:59,0:31:00,p,
2024-09-05,0:00,0:10,0:10:00,p,
2024-09-05,9:44,10:00,0:16:00,tt,
2024-09-05,12:41,12:59,0:18:00,tt,
2024-09-05,10:05,11:19,1:14:00,p,
2024-09-06,10:07,10:20,0:13:00,tt,
2024-09-06,12:50,12:57,0:07:00,p,
2024-09-07,22:24,22:28,0:04:00,p,
2024-09-09,10:44,10:56,0:12:00,p,
2024-09-10,no data,,,,
2024-09-11,no data,,,,
2024-09-12,no data,,,,
2024-09-13,21:21,23:55,2:34:00,p,
2024-09-14,16:02,16:03,0:01:00,p,
2024-09-16,14:59,15:05,0:06:00,p,
2024-09-16,22:51,23:59,1:08:00,p,
2024-09-17,0:00,0:26,0:26:00,p,
2024-09-17,14:43,15:07,0:24:00,p,
2024-09-21,Sick Day,,,,
2024-09-22,10:25,11:40,1:15:00,p,
2024-09-22,12:51,13:04,0:13:00,p,
2024-09-24,9:50,9:53,0:03:00,p,
2024-09-24,22:15,23:00,0:45:00,tt,
2024-09-25,15:27,15:47,0:20:00,p,
2024-09-25,21:47,21:59,0:12:00,tt,
2024-09-25,23:03,23:34,0:31:00,tt,
2024-09-27,0:09,1:13,1:04:00,p,
2024-09-27,14:25,15:00,0:35:00,tt,
2024-09-27,22:03,23:59,1:56:00,p,
2024-09-27,0:00,0:23,0:23:00,p,
2024-09-28,0:40,1:27,0:47:00,tt,
2024-09-29,1:33,1:56,0:23:00,p,
2024-09-30,9:33,9:45,0:12:00,p,
2024-09-30,12:35,12:56,0:21:00,p,
2024-09-30,21:47,21:48,0:01:00,tt,
2024-09-30,23:06,23:56,0:50:00,p,
2024-10-01,10:30,10:45,0:15:00,p,
2024-10-01,15:36,15:50,0:14:00,p,
2024-10-03,23:07,23:59,0:52:00,tt,
2024-10-04,0:00,0:20,0:20:00,tt,
2024-10-04,9:57,10:21,0:24:00,p,
2024-10-05,0:36,1:35,0:59:00,tt,
2024-10-06,15:15,15:27,0:12:00,p,
2024-10-07,14:53,14:57,0:04:00,p,
2024-10-07,22:18,22:23,0:05:00,tt,
2024-10-08,13:51,14:13,0:22:00,p,
2024-10-10,9:10,9:26,0:16:00,p,
2024-10-11,sick day,,,,
2024-10-12,17:08,17:18,0:10:00,tt,
2024-10-12,23:29,23:59,0:30:00,p,
2024-10-12,0:00,1:22,1:22:00,p,
2024-10-13,13:33,13:40,0:07:00,p,
2024-10-13,23:25,23:59,0:34:00,p,
2024-10-14,0:00,2:20,2:20:00,p,
2024-10-16,1:07,2:03,0:56:00,p,
2024-10-16,14:55,15:05,0:10:00,p,
2024-10-17,22:00,23:55,1:55:00,p,
2024-10-21,1:48,1:57,0:09:00,p,
2024-10-21,17:00,17:21,0:21:00,p,
2024-10-22,13:11,13:15,0:04:00,p,
2024-10-24,9:35,9:48,0:13:00,p,
2024-10-25,22:28,23:23,0:55:00,p,
2024-10-26,22:13,23:15,1:02:00,tt,
2024-10-26,23:16,23:28,0:12:00,p,
2024-10-28,13:50,13:55,0:05:00,p,
2024-10-29,21:32,22:33,1:01:00,p,
2024-11-04,21:00,23:55,2:55:00,p,
2024-11-05,10:02,10:35,0:33:00,p,
2024-11-05,15:03,15:18,0:15:00,p,
2024-11-07,9:24,9:36,0:12:00,p,
2024-11-07,14:20,14:24,0:04:00,,
2024-11-08,9:48,10:00,0:12:00,,
2024-11-08,13:19,13:33,0:14:00,,
2024-11-08,15:37,15:46,0:09:00,,
2024-11-11,12:43,12:50,0:07:00,,
2024-11-11,17:28,17:32,0:04:00,,
2024-11-12,12:34,13:02,0:28:00,,
2024-11-13,sick day,,,,
2024-11-14,sick day,,,,
2024-11-15,sick day,,,,
2024-11-16,sick day,,,,
2024-11-17,sick day,,,,
2024-11-18,sick day,,,,
2024-11-19,19:49,19:55,0:06:00,tt,
2024-11-20,15:38,16:37,0:59:00,p,
2024-11-21,15:40,15:56,0:16:00,p,
2024-11-21,22:00,22:35,0:35:00,p,
2024-11-21,23:47,23:59,0:12:00,,
2024-11-22,0:00,0:16,0:16:00,,
2024-11-22,9:28,9:46,0:18:00,,
2024-11-25,21:09,21:15,0:06:00,tt,
2024-11-25,22:15,22:49,0:34:00,tt,
2024-11-26,14:35,14:37,0:02:00,,
2024-11-28,13:06,13:20,0:14:00,,
2024-11-29,15:17,15:33,0:16:00,,
2024-12-02,15:26,16:02,0:36:00,,
2024-12-08,23:43,23:51,0:08:00,,
2024-12-10,15:34,15:48,0:14:00,,
2024-12-16,12:15,12:27,0:12:00,,
2024-12-17,No data,,,,
2024-12-18,No data,,,,
2024-12-19,No data,,,,
2024-12-20,No data,,,,
2024-12-21,No data,,,,
2024-12-22,No data,,,,
2024-12-23,No data,,,,
2024-12-24,No data,,,,
2024-12-25,No data,,,,
2024-12-26,No data,,,,
2024-12-27,No data,,,,
2024-12-28,No data,,,,
2024-12-29,No data,,,,
2024-12-30,No data,,,,
2024-12-31,No data,,,,